vendor_id,notable_achievement
recBufKIq9zpMSsci,1
recBufKIq9zpMSsci,.
recBufKIq9zpMSsci, 
recBufKIq9zpMSsci,S
recBufKIq9zpMSsci,u
recBufKIq9zpMSsci,p
recBufKIq9zpMSsci,e
recBufKIq9zpMSsci,r
recBufKIq9zpMSsci,i
recBufKIq9zpMSsci,o
recBufKIq9zpMSsci,r
recBufKIq9zpMSsci, 
recBufKIq9zpMSsci,T
recBufKIq9zpMSsci,e
recBufKIq9zpMSsci,s
recBufKIq9zpMSsci,t
recBufKIq9zpMSsci,i
recBufKIq9zpMSsci,n
recBufKIq9zpMSsci,g
recBufKIq9zpMSsci, 
recBufKIq9zpMSsci,R
recBufKIq9zpMSsci,e
recBufKIq9zpMSsci,s
recBufKIq9zpMSsci,u
recBufKIq9zpMSsci,l
recBufKIq9zpMSsci,t
recBufKIq9zpMSsci,s
recBufKIq9zpMSsci, 
recBufKIq9zpMSsci,(
recBufKIq9zpMSsci,2
recBufKIq9zpMSsci,0
recBufKIq9zpMSsci,2
recBufKIq9zpMSsci,5
recBufKIq9zpMSsci, 
recBufKIq9zpMSsci,D
recBufKIq9zpMSsci,a
recBufKIq9zpMSsci,t
recBufKIq9zpMSsci,a
recBufKIq9zpMSsci,)
recBufKIq9zpMSsci,"
"
recBufKIq9zpMSsci,T
recBufKIq9zpMSsci,V
recBufKIq9zpMSsci,S
recBufKIq9zpMSsci, 
recBufKIq9zpMSsci,s
recBufKIq9zpMSsci,t
recBufKIq9zpMSsci,u
recBufKIq9zpMSsci,d
recBufKIq9zpMSsci,e
recBufKIq9zpMSsci,n
recBufKIq9zpMSsci,t
recBufKIq9zpMSsci,s
recBufKIq9zpMSsci, 
recBufKIq9zpMSsci,c
recBufKIq9zpMSsci,o
recBufKIq9zpMSsci,n
recBufKIq9zpMSsci,s
recBufKIq9zpMSsci,i
recBufKIq9zpMSsci,s
recBufKIq9zpMSsci,t
recBufKIq9zpMSsci,e
recBufKIq9zpMSsci,n
recBufKIq9zpMSsci,t
recBufKIq9zpMSsci,l
recBufKIq9zpMSsci,y
recBufKIq9zpMSsci, 
recBufKIq9zpMSsci,a
recBufKIq9zpMSsci,c
recBufKIq9zpMSsci,h
recBufKIq9zpMSsci,i
recBufKIq9zpMSsci,e
recBufKIq9zpMSsci,v
recBufKIq9zpMSsci,e
recBufKIq9zpMSsci, 
recBufKIq9zpMSsci,s
recBufKIq9zpMSsci,c
recBufKIq9zpMSsci,o
recBufKIq9zpMSsci,r
recBufKIq9zpMSsci,e
recBufKIq9zpMSsci,s
recBufKIq9zpMSsci, 
recBufKIq9zpMSsci,t
recBufKIq9zpMSsci,h
recBufKIq9zpMSsci,a
recBufKIq9zpMSsci,t
recBufKIq9zpMSsci, 
recBufKIq9zpMSsci,p
recBufKIq9zpMSsci,l
recBufKIq9zpMSsci,a
recBufKIq9zpMSsci,c
recBufKIq9zpMSsci,e
recBufKIq9zpMSsci, 
recBufKIq9zpMSsci,t
recBufKIq9zpMSsci,h
recBufKIq9zpMSsci,e
recBufKIq9zpMSsci,m
recBufKIq9zpMSsci, 
recBufKIq9zpMSsci,i
recBufKIq9zpMSsci,n
recBufKIq9zpMSsci, 
recBufKIq9zpMSsci,t
recBufKIq9zpMSsci,h
recBufKIq9zpMSsci,e
recBufKIq9zpMSsci, 
recBufKIq9zpMSsci,t
recBufKIq9zpMSsci,o
recBufKIq9zpMSsci,p
recBufKIq9zpMSsci, 
recBufKIq9zpMSsci,t
recBufKIq9zpMSsci,i
recBufKIq9zpMSsci,e
recBufKIq9zpMSsci,r
recBufKIq9zpMSsci, 
recBufKIq9zpMSsci,o
recBufKIq9zpMSsci,f
recBufKIq9zpMSsci, 
recBufKIq9zpMSsci,s
recBufKIq9zpMSsci,t
recBufKIq9zpMSsci,u
recBufKIq9zpMSsci,d
recBufKIq9zpMSsci,e
recBufKIq9zpMSsci,n
recBufKIq9zpMSsci,t
recBufKIq9zpMSsci,s
recBufKIq9zpMSsci, 
recBufKIq9zpMSsci,w
recBufKIq9zpMSsci,o
recBufKIq9zpMSsci,r
recBufKIq9zpMSsci,l
recBufKIq9zpMSsci,d
recBufKIq9zpMSsci,w
recBufKIq9zpMSsci,i
recBufKIq9zpMSsci,d
recBufKIq9zpMSsci,e
recBufKIq9zpMSsci,.
recBufKIq9zpMSsci,"
"
recBufKIq9zpMSsci,"
"
recBufKIq9zpMSsci,A
recBufKIq9zpMSsci,P
recBufKIq9zpMSsci, 
recBufKIq9zpMSsci,E
recBufKIq9zpMSsci,x
recBufKIq9zpMSsci,c
recBufKIq9zpMSsci,e
recBufKIq9zpMSsci,l
recBufKIq9zpMSsci,l
recBufKIq9zpMSsci,e
recBufKIq9zpMSsci,n
recBufKIq9zpMSsci,c
recBufKIq9zpMSsci,e
recBufKIq9zpMSsci,:
recBufKIq9zpMSsci, 
recBufKIq9zpMSsci,9
recBufKIq9zpMSsci,1
recBufKIq9zpMSsci,%
recBufKIq9zpMSsci, 
recBufKIq9zpMSsci,o
recBufKIq9zpMSsci,f
recBufKIq9zpMSsci, 
recBufKIq9zpMSsci,s
recBufKIq9zpMSsci,t
recBufKIq9zpMSsci,u
recBufKIq9zpMSsci,d
recBufKIq9zpMSsci,e
recBufKIq9zpMSsci,n
recBufKIq9zpMSsci,t
recBufKIq9zpMSsci,s
recBufKIq9zpMSsci, 
recBufKIq9zpMSsci,s
recBufKIq9zpMSsci,c
recBufKIq9zpMSsci,o
recBufKIq9zpMSsci,r
recBufKIq9zpMSsci,e
recBufKIq9zpMSsci,d
recBufKIq9zpMSsci, 
recBufKIq9zpMSsci,a
recBufKIq9zpMSsci, 
recBufKIq9zpMSsci,3
recBufKIq9zpMSsci, 
recBufKIq9zpMSsci,o
recBufKIq9zpMSsci,r
recBufKIq9zpMSsci, 
recBufKIq9zpMSsci,h
recBufKIq9zpMSsci,i
recBufKIq9zpMSsci,g
recBufKIq9zpMSsci,h
recBufKIq9zpMSsci,e
recBufKIq9zpMSsci,r
recBufKIq9zpMSsci, 
recBufKIq9zpMSsci,o
recBufKIq9zpMSsci,n
recBufKIq9zpMSsci, 
recBufKIq9zpMSsci,A
recBufKIq9zpMSsci,P
recBufKIq9zpMSsci, 
recBufKIq9zpMSsci,e
recBufKIq9zpMSsci,x
recBufKIq9zpMSsci,a
recBufKIq9zpMSsci,m
recBufKIq9zpMSsci,s
recBufKIq9zpMSsci, 
recBufKIq9zpMSsci,(
recBufKIq9zpMSsci,t
recBufKIq9zpMSsci,h
recBufKIq9zpMSsci,e
recBufKIq9zpMSsci, 
recBufKIq9zpMSsci,b
recBufKIq9zpMSsci,e
recBufKIq9zpMSsci,n
recBufKIq9zpMSsci,c
recBufKIq9zpMSsci,h
recBufKIq9zpMSsci,m
recBufKIq9zpMSsci,a
recBufKIq9zpMSsci,r
recBufKIq9zpMSsci,k
recBufKIq9zpMSsci, 
recBufKIq9zpMSsci,f
recBufKIq9zpMSsci,o
recBufKIq9zpMSsci,r
recBufKIq9zpMSsci, 
recBufKIq9zpMSsci,c
recBufKIq9zpMSsci,o
recBufKIq9zpMSsci,l
recBufKIq9zpMSsci,l
recBufKIq9zpMSsci,e
recBufKIq9zpMSsci,g
recBufKIq9zpMSsci,e
recBufKIq9zpMSsci, 
recBufKIq9zpMSsci,c
recBufKIq9zpMSsci,r
recBufKIq9zpMSsci,e
recBufKIq9zpMSsci,d
recBufKIq9zpMSsci,i
recBufKIq9zpMSsci,t
recBufKIq9zpMSsci,)
recBufKIq9zpMSsci,.
recBufKIq9zpMSsci, 
recBufKIq9zpMSsci,T
recBufKIq9zpMSsci,h
recBufKIq9zpMSsci,e
recBufKIq9zpMSsci, 
recBufKIq9zpMSsci,s
recBufKIq9zpMSsci,c
recBufKIq9zpMSsci,h
recBufKIq9zpMSsci,o
recBufKIq9zpMSsci,o
recBufKIq9zpMSsci,l
recBufKIq9zpMSsci,’
recBufKIq9zpMSsci,s
recBufKIq9zpMSsci, 
recBufKIq9zpMSsci,a
recBufKIq9zpMSsci,v
recBufKIq9zpMSsci,e
recBufKIq9zpMSsci,r
recBufKIq9zpMSsci,a
recBufKIq9zpMSsci,g
recBufKIq9zpMSsci,e
recBufKIq9zpMSsci, 
recBufKIq9zpMSsci,A
recBufKIq9zpMSsci,P
recBufKIq9zpMSsci, 
recBufKIq9zpMSsci,s
recBufKIq9zpMSsci,c
recBufKIq9zpMSsci,o
recBufKIq9zpMSsci,r
recBufKIq9zpMSsci,e
recBufKIq9zpMSsci, 
recBufKIq9zpMSsci,w
recBufKIq9zpMSsci,a
recBufKIq9zpMSsci,s
recBufKIq9zpMSsci, 
recBufKIq9zpMSsci,4
recBufKIq9zpMSsci,.
recBufKIq9zpMSsci,0
recBufKIq9zpMSsci,2
recBufKIq9zpMSsci,","
recBufKIq9zpMSsci, 
recBufKIq9zpMSsci,s
recBufKIq9zpMSsci,i
recBufKIq9zpMSsci,g
recBufKIq9zpMSsci,n
recBufKIq9zpMSsci,i
recBufKIq9zpMSsci,f
recBufKIq9zpMSsci,i
recBufKIq9zpMSsci,c
recBufKIq9zpMSsci,a
recBufKIq9zpMSsci,n
recBufKIq9zpMSsci,t
recBufKIq9zpMSsci,l
recBufKIq9zpMSsci,y
recBufKIq9zpMSsci, 
recBufKIq9zpMSsci,h
recBufKIq9zpMSsci,i
recBufKIq9zpMSsci,g
recBufKIq9zpMSsci,h
recBufKIq9zpMSsci,e
recBufKIq9zpMSsci,r
recBufKIq9zpMSsci, 
recBufKIq9zpMSsci,t
recBufKIq9zpMSsci,h
recBufKIq9zpMSsci,a
recBufKIq9zpMSsci,n
recBufKIq9zpMSsci, 
recBufKIq9zpMSsci,t
recBufKIq9zpMSsci,h
recBufKIq9zpMSsci,e
recBufKIq9zpMSsci, 
recBufKIq9zpMSsci,g
recBufKIq9zpMSsci,l
recBufKIq9zpMSsci,o
recBufKIq9zpMSsci,b
recBufKIq9zpMSsci,a
recBufKIq9zpMSsci,l
recBufKIq9zpMSsci, 
recBufKIq9zpMSsci,a
recBufKIq9zpMSsci,v
recBufKIq9zpMSsci,e
recBufKIq9zpMSsci,r
recBufKIq9zpMSsci,a
recBufKIq9zpMSsci,g
recBufKIq9zpMSsci,e
recBufKIq9zpMSsci, 
recBufKIq9zpMSsci,o
recBufKIq9zpMSsci,f
recBufKIq9zpMSsci, 
recBufKIq9zpMSsci,3
recBufKIq9zpMSsci,.
recBufKIq9zpMSsci,0
recBufKIq9zpMSsci,3
recBufKIq9zpMSsci,.
recBufKIq9zpMSsci,"
"
recBufKIq9zpMSsci,"
"
recBufKIq9zpMSsci,I
recBufKIq9zpMSsci,B
recBufKIq9zpMSsci, 
recBufKIq9zpMSsci,D
recBufKIq9zpMSsci,i
recBufKIq9zpMSsci,p
recBufKIq9zpMSsci,l
recBufKIq9zpMSsci,o
recBufKIq9zpMSsci,m
recBufKIq9zpMSsci,a
recBufKIq9zpMSsci, 
recBufKIq9zpMSsci,P
recBufKIq9zpMSsci,r
recBufKIq9zpMSsci,o
recBufKIq9zpMSsci,g
recBufKIq9zpMSsci,r
recBufKIq9zpMSsci,a
recBufKIq9zpMSsci,m
recBufKIq9zpMSsci,:
recBufKIq9zpMSsci, 
recBufKIq9zpMSsci,T
recBufKIq9zpMSsci,h
recBufKIq9zpMSsci,e
recBufKIq9zpMSsci, 
recBufKIq9zpMSsci,C
recBufKIq9zpMSsci,l
recBufKIq9zpMSsci,a
recBufKIq9zpMSsci,s
recBufKIq9zpMSsci,s
recBufKIq9zpMSsci, 
recBufKIq9zpMSsci,o
recBufKIq9zpMSsci,f
recBufKIq9zpMSsci, 
recBufKIq9zpMSsci,2
recBufKIq9zpMSsci,0
recBufKIq9zpMSsci,2
recBufKIq9zpMSsci,5
recBufKIq9zpMSsci, 
recBufKIq9zpMSsci,a
recBufKIq9zpMSsci,c
recBufKIq9zpMSsci,h
recBufKIq9zpMSsci,i
recBufKIq9zpMSsci,e
recBufKIq9zpMSsci,v
recBufKIq9zpMSsci,e
recBufKIq9zpMSsci,d
recBufKIq9zpMSsci, 
recBufKIq9zpMSsci,a
recBufKIq9zpMSsci, 
recBufKIq9zpMSsci,9
recBufKIq9zpMSsci,2
recBufKIq9zpMSsci,%
recBufKIq9zpMSsci, 
recBufKIq9zpMSsci,p
recBufKIq9zpMSsci,a
recBufKIq9zpMSsci,s
recBufKIq9zpMSsci,s
recBufKIq9zpMSsci, 
recBufKIq9zpMSsci,r
recBufKIq9zpMSsci,a
recBufKIq9zpMSsci,t
recBufKIq9zpMSsci,e
recBufKIq9zpMSsci, 
recBufKIq9zpMSsci,i
recBufKIq9zpMSsci,n
recBufKIq9zpMSsci, 
recBufKIq9zpMSsci,t
recBufKIq9zpMSsci,h
recBufKIq9zpMSsci,e
recBufKIq9zpMSsci, 
recBufKIq9zpMSsci,I
recBufKIq9zpMSsci,B
recBufKIq9zpMSsci, 
recBufKIq9zpMSsci,D
recBufKIq9zpMSsci,i
recBufKIq9zpMSsci,p
recBufKIq9zpMSsci,l
recBufKIq9zpMSsci,o
recBufKIq9zpMSsci,m
recBufKIq9zpMSsci,a
recBufKIq9zpMSsci, 
recBufKIq9zpMSsci,P
recBufKIq9zpMSsci,r
recBufKIq9zpMSsci,o
recBufKIq9zpMSsci,g
recBufKIq9zpMSsci,r
recBufKIq9zpMSsci,a
recBufKIq9zpMSsci,m
recBufKIq9zpMSsci,m
recBufKIq9zpMSsci,e
recBufKIq9zpMSsci,","
recBufKIq9zpMSsci, 
recBufKIq9zpMSsci,w
recBufKIq9zpMSsci,i
recBufKIq9zpMSsci,t
recBufKIq9zpMSsci,h
recBufKIq9zpMSsci, 
recBufKIq9zpMSsci,2
recBufKIq9zpMSsci,4
recBufKIq9zpMSsci,%
recBufKIq9zpMSsci, 
recBufKIq9zpMSsci,o
recBufKIq9zpMSsci,f
recBufKIq9zpMSsci, 
recBufKIq9zpMSsci,s
recBufKIq9zpMSsci,t
recBufKIq9zpMSsci,u
recBufKIq9zpMSsci,d
recBufKIq9zpMSsci,e
recBufKIq9zpMSsci,n
recBufKIq9zpMSsci,t
recBufKIq9zpMSsci,s
recBufKIq9zpMSsci, 
recBufKIq9zpMSsci,s
recBufKIq9zpMSsci,c
recBufKIq9zpMSsci,o
recBufKIq9zpMSsci,r
recBufKIq9zpMSsci,i
recBufKIq9zpMSsci,n
recBufKIq9zpMSsci,g
recBufKIq9zpMSsci, 
recBufKIq9zpMSsci,a
recBufKIq9zpMSsci,b
recBufKIq9zpMSsci,o
recBufKIq9zpMSsci,v
recBufKIq9zpMSsci,e
recBufKIq9zpMSsci, 
recBufKIq9zpMSsci,4
recBufKIq9zpMSsci,0
recBufKIq9zpMSsci, 
recBufKIq9zpMSsci,p
recBufKIq9zpMSsci,o
recBufKIq9zpMSsci,i
recBufKIq9zpMSsci,n
recBufKIq9zpMSsci,t
recBufKIq9zpMSsci,s
recBufKIq9zpMSsci,—
recBufKIq9zpMSsci,a
recBufKIq9zpMSsci, 
recBufKIq9zpMSsci,f
recBufKIq9zpMSsci,e
recBufKIq9zpMSsci,a
recBufKIq9zpMSsci,t
recBufKIq9zpMSsci, 
recBufKIq9zpMSsci,a
recBufKIq9zpMSsci,c
recBufKIq9zpMSsci,c
recBufKIq9zpMSsci,o
recBufKIq9zpMSsci,m
recBufKIq9zpMSsci,p
recBufKIq9zpMSsci,l
recBufKIq9zpMSsci,i
recBufKIq9zpMSsci,s
recBufKIq9zpMSsci,h
recBufKIq9zpMSsci,e
recBufKIq9zpMSsci,d
recBufKIq9zpMSsci, 
recBufKIq9zpMSsci,b
recBufKIq9zpMSsci,y
recBufKIq9zpMSsci, 
recBufKIq9zpMSsci,o
recBufKIq9zpMSsci,n
recBufKIq9zpMSsci,l
recBufKIq9zpMSsci,y
recBufKIq9zpMSsci, 
recBufKIq9zpMSsci,4
recBufKIq9zpMSsci,%
recBufKIq9zpMSsci, 
recBufKIq9zpMSsci,o
recBufKIq9zpMSsci,f
recBufKIq9zpMSsci, 
recBufKIq9zpMSsci,s
recBufKIq9zpMSsci,t
recBufKIq9zpMSsci,u
recBufKIq9zpMSsci,d
recBufKIq9zpMSsci,e
recBufKIq9zpMSsci,n
recBufKIq9zpMSsci,t
recBufKIq9zpMSsci,s
recBufKIq9zpMSsci, 
recBufKIq9zpMSsci,g
recBufKIq9zpMSsci,l
recBufKIq9zpMSsci,o
recBufKIq9zpMSsci,b
recBufKIq9zpMSsci,a
recBufKIq9zpMSsci,l
recBufKIq9zpMSsci,l
recBufKIq9zpMSsci,y
recBufKIq9zpMSsci,.
recBufKIq9zpMSsci,"
"
recBufKIq9zpMSsci,"
"
recBufKIq9zpMSsci,S
recBufKIq9zpMSsci,A
recBufKIq9zpMSsci,T
recBufKIq9zpMSsci,/
recBufKIq9zpMSsci,A
recBufKIq9zpMSsci,C
recBufKIq9zpMSsci,T
recBufKIq9zpMSsci, 
recBufKIq9zpMSsci,P
recBufKIq9zpMSsci,e
recBufKIq9zpMSsci,r
recBufKIq9zpMSsci,f
recBufKIq9zpMSsci,o
recBufKIq9zpMSsci,r
recBufKIq9zpMSsci,m
recBufKIq9zpMSsci,a
recBufKIq9zpMSsci,n
recBufKIq9zpMSsci,c
recBufKIq9zpMSsci,e
recBufKIq9zpMSsci,:
recBufKIq9zpMSsci, 
recBufKIq9zpMSsci,S
recBufKIq9zpMSsci,t
recBufKIq9zpMSsci,u
recBufKIq9zpMSsci,d
recBufKIq9zpMSsci,e
recBufKIq9zpMSsci,n
recBufKIq9zpMSsci,t
recBufKIq9zpMSsci,s
recBufKIq9zpMSsci, 
recBufKIq9zpMSsci,m
recBufKIq9zpMSsci,a
recBufKIq9zpMSsci,i
recBufKIq9zpMSsci,n
recBufKIq9zpMSsci,t
recBufKIq9zpMSsci,a
recBufKIq9zpMSsci,i
recBufKIq9zpMSsci,n
recBufKIq9zpMSsci, 
recBufKIq9zpMSsci,a
recBufKIq9zpMSsci,n
recBufKIq9zpMSsci, 
recBufKIq9zpMSsci,a
recBufKIq9zpMSsci,v
recBufKIq9zpMSsci,e
recBufKIq9zpMSsci,r
recBufKIq9zpMSsci,a
recBufKIq9zpMSsci,g
recBufKIq9zpMSsci,e
recBufKIq9zpMSsci, 
recBufKIq9zpMSsci,S
recBufKIq9zpMSsci,A
recBufKIq9zpMSsci,T
recBufKIq9zpMSsci, 
recBufKIq9zpMSsci,s
recBufKIq9zpMSsci,c
recBufKIq9zpMSsci,o
recBufKIq9zpMSsci,r
recBufKIq9zpMSsci,e
recBufKIq9zpMSsci, 
recBufKIq9zpMSsci,o
recBufKIq9zpMSsci,f
recBufKIq9zpMSsci, 
recBufKIq9zpMSsci,1
recBufKIq9zpMSsci,3
recBufKIq9zpMSsci,5
recBufKIq9zpMSsci,0
recBufKIq9zpMSsci, 
recBufKIq9zpMSsci,a
recBufKIq9zpMSsci,n
recBufKIq9zpMSsci,d
recBufKIq9zpMSsci, 
recBufKIq9zpMSsci,a
recBufKIq9zpMSsci,n
recBufKIq9zpMSsci, 
recBufKIq9zpMSsci,a
recBufKIq9zpMSsci,v
recBufKIq9zpMSsci,e
recBufKIq9zpMSsci,r
recBufKIq9zpMSsci,a
recBufKIq9zpMSsci,g
recBufKIq9zpMSsci,e
recBufKIq9zpMSsci, 
recBufKIq9zpMSsci,A
recBufKIq9zpMSsci,C
recBufKIq9zpMSsci,T
recBufKIq9zpMSsci, 
recBufKIq9zpMSsci,o
recBufKIq9zpMSsci,f
recBufKIq9zpMSsci, 
recBufKIq9zpMSsci,3
recBufKIq9zpMSsci,2
recBufKIq9zpMSsci,","
recBufKIq9zpMSsci, 
recBufKIq9zpMSsci,b
recBufKIq9zpMSsci,o
recBufKIq9zpMSsci,t
recBufKIq9zpMSsci,h
recBufKIq9zpMSsci, 
recBufKIq9zpMSsci,o
recBufKIq9zpMSsci,f
recBufKIq9zpMSsci, 
recBufKIq9zpMSsci,w
recBufKIq9zpMSsci,h
recBufKIq9zpMSsci,i
recBufKIq9zpMSsci,c
recBufKIq9zpMSsci,h
recBufKIq9zpMSsci, 
recBufKIq9zpMSsci,a
recBufKIq9zpMSsci,r
recBufKIq9zpMSsci,e
recBufKIq9zpMSsci, 
recBufKIq9zpMSsci,w
recBufKIq9zpMSsci,e
recBufKIq9zpMSsci,l
recBufKIq9zpMSsci,l
recBufKIq9zpMSsci, 
recBufKIq9zpMSsci,a
recBufKIq9zpMSsci,b
recBufKIq9zpMSsci,o
recBufKIq9zpMSsci,v
recBufKIq9zpMSsci,e
recBufKIq9zpMSsci, 
recBufKIq9zpMSsci,n
recBufKIq9zpMSsci,a
recBufKIq9zpMSsci,t
recBufKIq9zpMSsci,i
recBufKIq9zpMSsci,o
recBufKIq9zpMSsci,n
recBufKIq9zpMSsci,a
recBufKIq9zpMSsci,l
recBufKIq9zpMSsci, 
recBufKIq9zpMSsci,a
recBufKIq9zpMSsci,v
recBufKIq9zpMSsci,e
recBufKIq9zpMSsci,r
recBufKIq9zpMSsci,a
recBufKIq9zpMSsci,g
recBufKIq9zpMSsci,e
recBufKIq9zpMSsci,s
recBufKIq9zpMSsci, 
recBufKIq9zpMSsci,f
recBufKIq9zpMSsci,o
recBufKIq9zpMSsci,r
recBufKIq9zpMSsci, 
recBufKIq9zpMSsci,c
recBufKIq9zpMSsci,o
recBufKIq9zpMSsci,l
recBufKIq9zpMSsci,l
recBufKIq9zpMSsci,e
recBufKIq9zpMSsci,g
recBufKIq9zpMSsci,e
recBufKIq9zpMSsci, 
recBufKIq9zpMSsci,r
recBufKIq9zpMSsci,e
recBufKIq9zpMSsci,a
recBufKIq9zpMSsci,d
recBufKIq9zpMSsci,i
recBufKIq9zpMSsci,n
recBufKIq9zpMSsci,e
recBufKIq9zpMSsci,s
recBufKIq9zpMSsci,s
recBufKIq9zpMSsci,.
recBufKIq9zpMSsci,"
"
recBufKIq9zpMSsci,"
"
recBufKIq9zpMSsci,2
recBufKIq9zpMSsci,.
recBufKIq9zpMSsci, 
recBufKIq9zpMSsci,R
recBufKIq9zpMSsci,e
recBufKIq9zpMSsci,c
recBufKIq9zpMSsci,o
recBufKIq9zpMSsci,r
recBufKIq9zpMSsci,d
recBufKIq9zpMSsci,-
recBufKIq9zpMSsci,B
recBufKIq9zpMSsci,r
recBufKIq9zpMSsci,e
recBufKIq9zpMSsci,a
recBufKIq9zpMSsci,k
recBufKIq9zpMSsci,i
recBufKIq9zpMSsci,n
recBufKIq9zpMSsci,g
recBufKIq9zpMSsci, 
recBufKIq9zpMSsci,C
recBufKIq9zpMSsci,o
recBufKIq9zpMSsci,l
recBufKIq9zpMSsci,l
recBufKIq9zpMSsci,e
recBufKIq9zpMSsci,g
recBufKIq9zpMSsci,e
recBufKIq9zpMSsci, 
recBufKIq9zpMSsci,S
recBufKIq9zpMSsci,u
recBufKIq9zpMSsci,c
recBufKIq9zpMSsci,c
recBufKIq9zpMSsci,e
recBufKIq9zpMSsci,s
recBufKIq9zpMSsci,s
recBufKIq9zpMSsci,"
"
recBufKIq9zpMSsci,T
recBufKIq9zpMSsci,h
recBufKIq9zpMSsci,e
recBufKIq9zpMSsci, 
recBufKIq9zpMSsci,C
recBufKIq9zpMSsci,l
recBufKIq9zpMSsci,a
recBufKIq9zpMSsci,s
recBufKIq9zpMSsci,s
recBufKIq9zpMSsci, 
recBufKIq9zpMSsci,o
recBufKIq9zpMSsci,f
recBufKIq9zpMSsci, 
recBufKIq9zpMSsci,2
recBufKIq9zpMSsci,0
recBufKIq9zpMSsci,2
recBufKIq9zpMSsci,5
recBufKIq9zpMSsci, 
recBufKIq9zpMSsci,s
recBufKIq9zpMSsci,e
recBufKIq9zpMSsci,t
recBufKIq9zpMSsci, 
recBufKIq9zpMSsci,a
recBufKIq9zpMSsci, 
recBufKIq9zpMSsci,n
recBufKIq9zpMSsci,e
recBufKIq9zpMSsci,w
recBufKIq9zpMSsci, 
recBufKIq9zpMSsci,s
recBufKIq9zpMSsci,c
recBufKIq9zpMSsci,h
recBufKIq9zpMSsci,o
recBufKIq9zpMSsci,o
recBufKIq9zpMSsci,l
recBufKIq9zpMSsci, 
recBufKIq9zpMSsci,r
recBufKIq9zpMSsci,e
recBufKIq9zpMSsci,c
recBufKIq9zpMSsci,o
recBufKIq9zpMSsci,r
recBufKIq9zpMSsci,d
recBufKIq9zpMSsci, 
recBufKIq9zpMSsci,b
recBufKIq9zpMSsci,y
recBufKIq9zpMSsci, 
recBufKIq9zpMSsci,e
recBufKIq9zpMSsci,a
recBufKIq9zpMSsci,r
recBufKIq9zpMSsci,n
recBufKIq9zpMSsci,i
recBufKIq9zpMSsci,n
recBufKIq9zpMSsci,g
recBufKIq9zpMSsci, 
recBufKIq9zpMSsci,$
recBufKIq9zpMSsci,6
recBufKIq9zpMSsci,7
recBufKIq9zpMSsci, 
recBufKIq9zpMSsci,m
recBufKIq9zpMSsci,i
recBufKIq9zpMSsci,l
recBufKIq9zpMSsci,l
recBufKIq9zpMSsci,i
recBufKIq9zpMSsci,o
recBufKIq9zpMSsci,n
recBufKIq9zpMSsci, 
recBufKIq9zpMSsci,i
recBufKIq9zpMSsci,n
recBufKIq9zpMSsci, 
recBufKIq9zpMSsci,s
recBufKIq9zpMSsci,c
recBufKIq9zpMSsci,h
recBufKIq9zpMSsci,o
recBufKIq9zpMSsci,l
recBufKIq9zpMSsci,a
recBufKIq9zpMSsci,r
recBufKIq9zpMSsci,s
recBufKIq9zpMSsci,h
recBufKIq9zpMSsci,i
recBufKIq9zpMSsci,p
recBufKIq9zpMSsci,s
recBufKIq9zpMSsci,.
recBufKIq9zpMSsci,"
"
recBufKIq9zpMSsci,"
"
recBufKIq9zpMSsci,M
recBufKIq9zpMSsci,a
recBufKIq9zpMSsci,t
recBufKIq9zpMSsci,r
recBufKIq9zpMSsci,i
recBufKIq9zpMSsci,c
recBufKIq9zpMSsci,u
recBufKIq9zpMSsci,l
recBufKIq9zpMSsci,a
recBufKIq9zpMSsci,t
recBufKIq9zpMSsci,i
recBufKIq9zpMSsci,o
recBufKIq9zpMSsci,n
recBufKIq9zpMSsci,:
recBufKIq9zpMSsci, 
recBufKIq9zpMSsci,S
recBufKIq9zpMSsci,t
recBufKIq9zpMSsci,u
recBufKIq9zpMSsci,d
recBufKIq9zpMSsci,e
recBufKIq9zpMSsci,n
recBufKIq9zpMSsci,t
recBufKIq9zpMSsci,s
recBufKIq9zpMSsci, 
recBufKIq9zpMSsci,w
recBufKIq9zpMSsci,e
recBufKIq9zpMSsci,r
recBufKIq9zpMSsci,e
recBufKIq9zpMSsci, 
recBufKIq9zpMSsci,a
recBufKIq9zpMSsci,c
recBufKIq9zpMSsci,c
recBufKIq9zpMSsci,e
recBufKIq9zpMSsci,p
recBufKIq9zpMSsci,t
recBufKIq9zpMSsci,e
recBufKIq9zpMSsci,d
recBufKIq9zpMSsci, 
recBufKIq9zpMSsci,i
recBufKIq9zpMSsci,n
recBufKIq9zpMSsci,t
recBufKIq9zpMSsci,o
recBufKIq9zpMSsci, 
recBufKIq9zpMSsci,p
recBufKIq9zpMSsci,r
recBufKIq9zpMSsci,e
recBufKIq9zpMSsci,s
recBufKIq9zpMSsci,t
recBufKIq9zpMSsci,i
recBufKIq9zpMSsci,g
recBufKIq9zpMSsci,i
recBufKIq9zpMSsci,o
recBufKIq9zpMSsci,u
recBufKIq9zpMSsci,s
recBufKIq9zpMSsci, 
recBufKIq9zpMSsci,""""
recBufKIq9zpMSsci,I
recBufKIq9zpMSsci,v
recBufKIq9zpMSsci,y
recBufKIq9zpMSsci, 
recBufKIq9zpMSsci,P
recBufKIq9zpMSsci,l
recBufKIq9zpMSsci,u
recBufKIq9zpMSsci,s
recBufKIq9zpMSsci,""""
recBufKIq9zpMSsci, 
recBufKIq9zpMSsci,a
recBufKIq9zpMSsci,n
recBufKIq9zpMSsci,d
recBufKIq9zpMSsci, 
recBufKIq9zpMSsci,t
recBufKIq9zpMSsci,o
recBufKIq9zpMSsci,p
recBufKIq9zpMSsci,-
recBufKIq9zpMSsci,t
recBufKIq9zpMSsci,i
recBufKIq9zpMSsci,e
recBufKIq9zpMSsci,r
recBufKIq9zpMSsci, 
recBufKIq9zpMSsci,i
recBufKIq9zpMSsci,n
recBufKIq9zpMSsci,s
recBufKIq9zpMSsci,t
recBufKIq9zpMSsci,i
recBufKIq9zpMSsci,t
recBufKIq9zpMSsci,u
recBufKIq9zpMSsci,t
recBufKIq9zpMSsci,i
recBufKIq9zpMSsci,o
recBufKIq9zpMSsci,n
recBufKIq9zpMSsci,s
recBufKIq9zpMSsci,","
recBufKIq9zpMSsci, 
recBufKIq9zpMSsci,i
recBufKIq9zpMSsci,n
recBufKIq9zpMSsci,c
recBufKIq9zpMSsci,l
recBufKIq9zpMSsci,u
recBufKIq9zpMSsci,d
recBufKIq9zpMSsci,i
recBufKIq9zpMSsci,n
recBufKIq9zpMSsci,g
recBufKIq9zpMSsci, 
recBufKIq9zpMSsci,M
recBufKIq9zpMSsci,I
recBufKIq9zpMSsci,T
recBufKIq9zpMSsci,","
recBufKIq9zpMSsci, 
recBufKIq9zpMSsci,C
recBufKIq9zpMSsci,o
recBufKIq9zpMSsci,l
recBufKIq9zpMSsci,u
recBufKIq9zpMSsci,m
recBufKIq9zpMSsci,b
recBufKIq9zpMSsci,i
recBufKIq9zpMSsci,a
recBufKIq9zpMSsci,","
recBufKIq9zpMSsci, 
recBufKIq9zpMSsci,R
recBufKIq9zpMSsci,i
recBufKIq9zpMSsci,c
recBufKIq9zpMSsci,e
recBufKIq9zpMSsci,","
recBufKIq9zpMSsci, 
recBufKIq9zpMSsci,C
recBufKIq9zpMSsci,o
recBufKIq9zpMSsci,r
recBufKIq9zpMSsci,n
recBufKIq9zpMSsci,e
recBufKIq9zpMSsci,l
recBufKIq9zpMSsci,l
recBufKIq9zpMSsci,","
recBufKIq9zpMSsci, 
recBufKIq9zpMSsci,J
recBufKIq9zpMSsci,o
recBufKIq9zpMSsci,h
recBufKIq9zpMSsci,n
recBufKIq9zpMSsci,s
recBufKIq9zpMSsci, 
recBufKIq9zpMSsci,H
recBufKIq9zpMSsci,o
recBufKIq9zpMSsci,p
recBufKIq9zpMSsci,k
recBufKIq9zpMSsci,i
recBufKIq9zpMSsci,n
recBufKIq9zpMSsci,s
recBufKIq9zpMSsci,","
recBufKIq9zpMSsci, 
recBufKIq9zpMSsci,a
recBufKIq9zpMSsci,n
recBufKIq9zpMSsci,d
recBufKIq9zpMSsci, 
recBufKIq9zpMSsci,I
recBufKIq9zpMSsci,m
recBufKIq9zpMSsci,p
recBufKIq9zpMSsci,e
recBufKIq9zpMSsci,r
recBufKIq9zpMSsci,i
recBufKIq9zpMSsci,a
recBufKIq9zpMSsci,l
recBufKIq9zpMSsci, 
recBufKIq9zpMSsci,C
recBufKIq9zpMSsci,o
recBufKIq9zpMSsci,l
recBufKIq9zpMSsci,l
recBufKIq9zpMSsci,e
recBufKIq9zpMSsci,g
recBufKIq9zpMSsci,e
recBufKIq9zpMSsci, 
recBufKIq9zpMSsci,L
recBufKIq9zpMSsci,o
recBufKIq9zpMSsci,n
recBufKIq9zpMSsci,d
recBufKIq9zpMSsci,o
recBufKIq9zpMSsci,n
recBufKIq9zpMSsci,.
recBufKIq9zpMSsci,"
"
recBufKIq9zpMSsci,"
"
recBufKIq9zpMSsci,G
recBufKIq9zpMSsci,l
recBufKIq9zpMSsci,o
recBufKIq9zpMSsci,b
recBufKIq9zpMSsci,a
recBufKIq9zpMSsci,l
recBufKIq9zpMSsci, 
recBufKIq9zpMSsci,R
recBufKIq9zpMSsci,e
recBufKIq9zpMSsci,a
recBufKIq9zpMSsci,c
recBufKIq9zpMSsci,h
recBufKIq9zpMSsci,:
recBufKIq9zpMSsci, 
recBufKIq9zpMSsci,G
recBufKIq9zpMSsci,r
recBufKIq9zpMSsci,a
recBufKIq9zpMSsci,d
recBufKIq9zpMSsci,u
recBufKIq9zpMSsci,a
recBufKIq9zpMSsci,t
recBufKIq9zpMSsci,e
recBufKIq9zpMSsci,s
recBufKIq9zpMSsci, 
recBufKIq9zpMSsci,a
recBufKIq9zpMSsci,r
recBufKIq9zpMSsci,e
recBufKIq9zpMSsci, 
recBufKIq9zpMSsci,a
recBufKIq9zpMSsci,t
recBufKIq9zpMSsci,t
recBufKIq9zpMSsci,e
recBufKIq9zpMSsci,n
recBufKIq9zpMSsci,d
recBufKIq9zpMSsci,i
recBufKIq9zpMSsci,n
recBufKIq9zpMSsci,g
recBufKIq9zpMSsci, 
recBufKIq9zpMSsci,7
recBufKIq9zpMSsci,0
recBufKIq9zpMSsci, 
recBufKIq9zpMSsci,d
recBufKIq9zpMSsci,i
recBufKIq9zpMSsci,f
recBufKIq9zpMSsci,f
recBufKIq9zpMSsci,e
recBufKIq9zpMSsci,r
recBufKIq9zpMSsci,e
recBufKIq9zpMSsci,n
recBufKIq9zpMSsci,t
recBufKIq9zpMSsci, 
recBufKIq9zpMSsci,u
recBufKIq9zpMSsci,n
recBufKIq9zpMSsci,i
recBufKIq9zpMSsci,v
recBufKIq9zpMSsci,e
recBufKIq9zpMSsci,r
recBufKIq9zpMSsci,s
recBufKIq9zpMSsci,i
recBufKIq9zpMSsci,t
recBufKIq9zpMSsci,i
recBufKIq9zpMSsci,e
recBufKIq9zpMSsci,s
recBufKIq9zpMSsci, 
recBufKIq9zpMSsci,a
recBufKIq9zpMSsci,c
recBufKIq9zpMSsci,r
recBufKIq9zpMSsci,o
recBufKIq9zpMSsci,s
recBufKIq9zpMSsci,s
recBufKIq9zpMSsci, 
recBufKIq9zpMSsci,1
recBufKIq9zpMSsci,8
recBufKIq9zpMSsci, 
recBufKIq9zpMSsci,U
recBufKIq9zpMSsci,.
recBufKIq9zpMSsci,S
recBufKIq9zpMSsci,.
recBufKIq9zpMSsci, 
recBufKIq9zpMSsci,s
recBufKIq9zpMSsci,t
recBufKIq9zpMSsci,a
recBufKIq9zpMSsci,t
recBufKIq9zpMSsci,e
recBufKIq9zpMSsci,s
recBufKIq9zpMSsci, 
recBufKIq9zpMSsci,a
recBufKIq9zpMSsci,n
recBufKIq9zpMSsci,d
recBufKIq9zpMSsci, 
recBufKIq9zpMSsci,6
recBufKIq9zpMSsci, 
recBufKIq9zpMSsci,c
recBufKIq9zpMSsci,o
recBufKIq9zpMSsci,u
recBufKIq9zpMSsci,n
recBufKIq9zpMSsci,t
recBufKIq9zpMSsci,r
recBufKIq9zpMSsci,i
recBufKIq9zpMSsci,e
recBufKIq9zpMSsci,s
recBufKIq9zpMSsci,.
recBufKIq9zpMSsci,"
"
recBufKIq9zpMSsci,"
"
recBufKIq9zpMSsci,3
recBufKIq9zpMSsci,.
recBufKIq9zpMSsci, 
recBufKIq9zpMSsci,S
recBufKIq9zpMSsci,p
recBufKIq9zpMSsci,e
recBufKIq9zpMSsci,c
recBufKIq9zpMSsci,i
recBufKIq9zpMSsci,a
recBufKIq9zpMSsci,l
recBufKIq9zpMSsci,i
recBufKIq9zpMSsci,z
recBufKIq9zpMSsci,e
recBufKIq9zpMSsci,d
recBufKIq9zpMSsci, 
recBufKIq9zpMSsci,D
recBufKIq9zpMSsci,i
recBufKIq9zpMSsci,p
recBufKIq9zpMSsci,l
recBufKIq9zpMSsci,o
recBufKIq9zpMSsci,m
recBufKIq9zpMSsci,a
recBufKIq9zpMSsci, 
recBufKIq9zpMSsci,D
recBufKIq9zpMSsci,i
recBufKIq9zpMSsci,s
recBufKIq9zpMSsci,t
recBufKIq9zpMSsci,i
recBufKIq9zpMSsci,n
recBufKIq9zpMSsci,c
recBufKIq9zpMSsci,t
recBufKIq9zpMSsci,i
recBufKIq9zpMSsci,o
recBufKIq9zpMSsci,n
recBufKIq9zpMSsci,s
recBufKIq9zpMSsci,"
"
recBufKIq9zpMSsci,B
recBufKIq9zpMSsci,e
recBufKIq9zpMSsci,y
recBufKIq9zpMSsci,o
recBufKIq9zpMSsci,n
recBufKIq9zpMSsci,d
recBufKIq9zpMSsci, 
recBufKIq9zpMSsci,t
recBufKIq9zpMSsci,h
recBufKIq9zpMSsci,e
recBufKIq9zpMSsci, 
recBufKIq9zpMSsci,s
recBufKIq9zpMSsci,t
recBufKIq9zpMSsci,a
recBufKIq9zpMSsci,n
recBufKIq9zpMSsci,d
recBufKIq9zpMSsci,a
recBufKIq9zpMSsci,r
recBufKIq9zpMSsci,d
recBufKIq9zpMSsci, 
recBufKIq9zpMSsci,h
recBufKIq9zpMSsci,i
recBufKIq9zpMSsci,g
recBufKIq9zpMSsci,h
recBufKIq9zpMSsci, 
recBufKIq9zpMSsci,s
recBufKIq9zpMSsci,c
recBufKIq9zpMSsci,h
recBufKIq9zpMSsci,o
recBufKIq9zpMSsci,o
recBufKIq9zpMSsci,l
recBufKIq9zpMSsci, 
recBufKIq9zpMSsci,d
recBufKIq9zpMSsci,i
recBufKIq9zpMSsci,p
recBufKIq9zpMSsci,l
recBufKIq9zpMSsci,o
recBufKIq9zpMSsci,m
recBufKIq9zpMSsci,a
recBufKIq9zpMSsci,","
recBufKIq9zpMSsci, 
recBufKIq9zpMSsci,T
recBufKIq9zpMSsci,V
recBufKIq9zpMSsci,S
recBufKIq9zpMSsci, 
recBufKIq9zpMSsci,o
recBufKIq9zpMSsci,f
recBufKIq9zpMSsci,f
recBufKIq9zpMSsci,e
recBufKIq9zpMSsci,r
recBufKIq9zpMSsci,s
recBufKIq9zpMSsci, 
recBufKIq9zpMSsci,u
recBufKIq9zpMSsci,n
recBufKIq9zpMSsci,i
recBufKIq9zpMSsci,q
recBufKIq9zpMSsci,u
recBufKIq9zpMSsci,e
recBufKIq9zpMSsci,","
recBufKIq9zpMSsci, 
recBufKIq9zpMSsci,p
recBufKIq9zpMSsci,r
recBufKIq9zpMSsci,e
recBufKIq9zpMSsci,-
recBufKIq9zpMSsci,p
recBufKIq9zpMSsci,r
recBufKIq9zpMSsci,o
recBufKIq9zpMSsci,f
recBufKIq9zpMSsci,e
recBufKIq9zpMSsci,s
recBufKIq9zpMSsci,s
recBufKIq9zpMSsci,i
recBufKIq9zpMSsci,o
recBufKIq9zpMSsci,n
recBufKIq9zpMSsci,a
recBufKIq9zpMSsci,l
recBufKIq9zpMSsci, 
recBufKIq9zpMSsci,t
recBufKIq9zpMSsci,r
recBufKIq9zpMSsci,a
recBufKIq9zpMSsci,c
recBufKIq9zpMSsci,k
recBufKIq9zpMSsci,s
recBufKIq9zpMSsci, 
recBufKIq9zpMSsci,t
recBufKIq9zpMSsci,h
recBufKIq9zpMSsci,a
recBufKIq9zpMSsci,t
recBufKIq9zpMSsci, 
recBufKIq9zpMSsci,a
recBufKIq9zpMSsci,l
recBufKIq9zpMSsci,l
recBufKIq9zpMSsci,o
recBufKIq9zpMSsci,w
recBufKIq9zpMSsci, 
recBufKIq9zpMSsci,s
recBufKIq9zpMSsci,t
recBufKIq9zpMSsci,u
recBufKIq9zpMSsci,d
recBufKIq9zpMSsci,e
recBufKIq9zpMSsci,n
recBufKIq9zpMSsci,t
recBufKIq9zpMSsci,s
recBufKIq9zpMSsci, 
recBufKIq9zpMSsci,t
recBufKIq9zpMSsci,o
recBufKIq9zpMSsci, 
recBufKIq9zpMSsci,s
recBufKIq9zpMSsci,p
recBufKIq9zpMSsci,e
recBufKIq9zpMSsci,c
recBufKIq9zpMSsci,i
recBufKIq9zpMSsci,a
recBufKIq9zpMSsci,l
recBufKIq9zpMSsci,i
recBufKIq9zpMSsci,z
recBufKIq9zpMSsci,e
recBufKIq9zpMSsci, 
recBufKIq9zpMSsci,e
recBufKIq9zpMSsci,a
recBufKIq9zpMSsci,r
recBufKIq9zpMSsci,l
recBufKIq9zpMSsci,y
recBufKIq9zpMSsci,:
recBufKIq9zpMSsci,"
"
recBufKIq9zpMSsci,"
"
recBufKIq9zpMSsci,P
recBufKIq9zpMSsci,r
recBufKIq9zpMSsci,e
recBufKIq9zpMSsci,-
recBufKIq9zpMSsci,M
recBufKIq9zpMSsci,e
recBufKIq9zpMSsci,d
recBufKIq9zpMSsci,i
recBufKIq9zpMSsci,c
recBufKIq9zpMSsci,a
recBufKIq9zpMSsci,l
recBufKIq9zpMSsci, 
recBufKIq9zpMSsci,S
recBufKIq9zpMSsci,c
recBufKIq9zpMSsci,i
recBufKIq9zpMSsci,e
recBufKIq9zpMSsci,n
recBufKIq9zpMSsci,c
recBufKIq9zpMSsci,e
recBufKIq9zpMSsci, 
recBufKIq9zpMSsci,D
recBufKIq9zpMSsci,i
recBufKIq9zpMSsci,p
recBufKIq9zpMSsci,l
recBufKIq9zpMSsci,o
recBufKIq9zpMSsci,m
recBufKIq9zpMSsci,a
recBufKIq9zpMSsci,:
recBufKIq9zpMSsci, 
recBufKIq9zpMSsci,T
recBufKIq9zpMSsci,h
recBufKIq9zpMSsci,e
recBufKIq9zpMSsci, 
recBufKIq9zpMSsci,C
recBufKIq9zpMSsci,l
recBufKIq9zpMSsci,a
recBufKIq9zpMSsci,s
recBufKIq9zpMSsci,s
recBufKIq9zpMSsci, 
recBufKIq9zpMSsci,o
recBufKIq9zpMSsci,f
recBufKIq9zpMSsci, 
recBufKIq9zpMSsci,2
recBufKIq9zpMSsci,0
recBufKIq9zpMSsci,2
recBufKIq9zpMSsci,5
recBufKIq9zpMSsci, 
recBufKIq9zpMSsci,g
recBufKIq9zpMSsci,r
recBufKIq9zpMSsci,a
recBufKIq9zpMSsci,d
recBufKIq9zpMSsci,u
recBufKIq9zpMSsci,a
recBufKIq9zpMSsci,t
recBufKIq9zpMSsci,e
recBufKIq9zpMSsci,d
recBufKIq9zpMSsci, 
recBufKIq9zpMSsci,i
recBufKIq9zpMSsci,t
recBufKIq9zpMSsci,s
recBufKIq9zpMSsci, 
recBufKIq9zpMSsci,l
recBufKIq9zpMSsci,a
recBufKIq9zpMSsci,r
recBufKIq9zpMSsci,g
recBufKIq9zpMSsci,e
recBufKIq9zpMSsci,s
recBufKIq9zpMSsci,t
recBufKIq9zpMSsci, 
recBufKIq9zpMSsci,c
recBufKIq9zpMSsci,o
recBufKIq9zpMSsci,h
recBufKIq9zpMSsci,o
recBufKIq9zpMSsci,r
recBufKIq9zpMSsci,t
recBufKIq9zpMSsci, 
recBufKIq9zpMSsci,(
recBufKIq9zpMSsci,1
recBufKIq9zpMSsci,6
recBufKIq9zpMSsci, 
recBufKIq9zpMSsci,s
recBufKIq9zpMSsci,t
recBufKIq9zpMSsci,u
recBufKIq9zpMSsci,d
recBufKIq9zpMSsci,e
recBufKIq9zpMSsci,n
recBufKIq9zpMSsci,t
recBufKIq9zpMSsci,s
recBufKIq9zpMSsci,)
recBufKIq9zpMSsci, 
recBufKIq9zpMSsci,t
recBufKIq9zpMSsci,o
recBufKIq9zpMSsci, 
recBufKIq9zpMSsci,d
recBufKIq9zpMSsci,a
recBufKIq9zpMSsci,t
recBufKIq9zpMSsci,e
recBufKIq9zpMSsci,.
recBufKIq9zpMSsci,"
"
recBufKIq9zpMSsci,"
"
recBufKIq9zpMSsci,E
recBufKIq9zpMSsci,n
recBufKIq9zpMSsci,t
recBufKIq9zpMSsci,r
recBufKIq9zpMSsci,e
recBufKIq9zpMSsci,p
recBufKIq9zpMSsci,r
recBufKIq9zpMSsci,e
recBufKIq9zpMSsci,n
recBufKIq9zpMSsci,e
recBufKIq9zpMSsci,u
recBufKIq9zpMSsci,r
recBufKIq9zpMSsci,s
recBufKIq9zpMSsci,h
recBufKIq9zpMSsci,i
recBufKIq9zpMSsci,p
recBufKIq9zpMSsci, 
recBufKIq9zpMSsci,&
recBufKIq9zpMSsci, 
recBufKIq9zpMSsci,C
recBufKIq9zpMSsci,o
recBufKIq9zpMSsci,m
recBufKIq9zpMSsci,p
recBufKIq9zpMSsci,u
recBufKIq9zpMSsci,t
recBufKIq9zpMSsci,e
recBufKIq9zpMSsci,r
recBufKIq9zpMSsci, 
recBufKIq9zpMSsci,S
recBufKIq9zpMSsci,c
recBufKIq9zpMSsci,i
recBufKIq9zpMSsci,e
recBufKIq9zpMSsci,n
recBufKIq9zpMSsci,c
recBufKIq9zpMSsci,e
recBufKIq9zpMSsci, 
recBufKIq9zpMSsci,D
recBufKIq9zpMSsci,i
recBufKIq9zpMSsci,p
recBufKIq9zpMSsci,l
recBufKIq9zpMSsci,o
recBufKIq9zpMSsci,m
recBufKIq9zpMSsci,a
recBufKIq9zpMSsci,s
recBufKIq9zpMSsci,:
recBufKIq9zpMSsci, 
recBufKIq9zpMSsci,T
recBufKIq9zpMSsci,h
recBufKIq9zpMSsci,e
recBufKIq9zpMSsci,s
recBufKIq9zpMSsci,e
recBufKIq9zpMSsci, 
recBufKIq9zpMSsci,p
recBufKIq9zpMSsci,r
recBufKIq9zpMSsci,o
recBufKIq9zpMSsci,g
recBufKIq9zpMSsci,r
recBufKIq9zpMSsci,a
recBufKIq9zpMSsci,m
recBufKIq9zpMSsci,s
recBufKIq9zpMSsci, 
recBufKIq9zpMSsci,p
recBufKIq9zpMSsci,r
recBufKIq9zpMSsci,o
recBufKIq9zpMSsci,v
recBufKIq9zpMSsci,i
recBufKIq9zpMSsci,d
recBufKIq9zpMSsci,e
recBufKIq9zpMSsci, 
recBufKIq9zpMSsci,h
recBufKIq9zpMSsci,a
recBufKIq9zpMSsci,n
recBufKIq9zpMSsci,d
recBufKIq9zpMSsci,s
recBufKIq9zpMSsci,-
recBufKIq9zpMSsci,o
recBufKIq9zpMSsci,n
recBufKIq9zpMSsci, 
recBufKIq9zpMSsci,i
recBufKIq9zpMSsci,n
recBufKIq9zpMSsci,t
recBufKIq9zpMSsci,e
recBufKIq9zpMSsci,r
recBufKIq9zpMSsci,n
recBufKIq9zpMSsci,s
recBufKIq9zpMSsci,h
recBufKIq9zpMSsci,i
recBufKIq9zpMSsci,p
recBufKIq9zpMSsci,s
recBufKIq9zpMSsci, 
recBufKIq9zpMSsci,a
recBufKIq9zpMSsci,n
recBufKIq9zpMSsci,d
recBufKIq9zpMSsci, 
recBufKIq9zpMSsci,p
recBufKIq9zpMSsci,r
recBufKIq9zpMSsci,o
recBufKIq9zpMSsci,j
recBufKIq9zpMSsci,e
recBufKIq9zpMSsci,c
recBufKIq9zpMSsci,t
recBufKIq9zpMSsci,-
recBufKIq9zpMSsci,b
recBufKIq9zpMSsci,a
recBufKIq9zpMSsci,s
recBufKIq9zpMSsci,e
recBufKIq9zpMSsci,d
recBufKIq9zpMSsci, 
recBufKIq9zpMSsci,l
recBufKIq9zpMSsci,e
recBufKIq9zpMSsci,a
recBufKIq9zpMSsci,r
recBufKIq9zpMSsci,n
recBufKIq9zpMSsci,i
recBufKIq9zpMSsci,n
recBufKIq9zpMSsci,g
recBufKIq9zpMSsci,","
recBufKIq9zpMSsci, 
recBufKIq9zpMSsci,p
recBufKIq9zpMSsci,r
recBufKIq9zpMSsci,e
recBufKIq9zpMSsci,p
recBufKIq9zpMSsci,a
recBufKIq9zpMSsci,r
recBufKIq9zpMSsci,i
recBufKIq9zpMSsci,n
recBufKIq9zpMSsci,g
recBufKIq9zpMSsci, 
recBufKIq9zpMSsci,s
recBufKIq9zpMSsci,t
recBufKIq9zpMSsci,u
recBufKIq9zpMSsci,d
recBufKIq9zpMSsci,e
recBufKIq9zpMSsci,n
recBufKIq9zpMSsci,t
recBufKIq9zpMSsci,s
recBufKIq9zpMSsci, 
recBufKIq9zpMSsci,f
recBufKIq9zpMSsci,o
recBufKIq9zpMSsci,r
recBufKIq9zpMSsci, 
recBufKIq9zpMSsci,i
recBufKIq9zpMSsci,m
recBufKIq9zpMSsci,m
recBufKIq9zpMSsci,e
recBufKIq9zpMSsci,d
recBufKIq9zpMSsci,i
recBufKIq9zpMSsci,a
recBufKIq9zpMSsci,t
recBufKIq9zpMSsci,e
recBufKIq9zpMSsci, 
recBufKIq9zpMSsci,i
recBufKIq9zpMSsci,m
recBufKIq9zpMSsci,p
recBufKIq9zpMSsci,a
recBufKIq9zpMSsci,c
recBufKIq9zpMSsci,t
recBufKIq9zpMSsci, 
recBufKIq9zpMSsci,i
recBufKIq9zpMSsci,n
recBufKIq9zpMSsci, 
recBufKIq9zpMSsci,t
recBufKIq9zpMSsci,h
recBufKIq9zpMSsci,o
recBufKIq9zpMSsci,s
recBufKIq9zpMSsci,e
recBufKIq9zpMSsci, 
recBufKIq9zpMSsci,f
recBufKIq9zpMSsci,i
recBufKIq9zpMSsci,e
recBufKIq9zpMSsci,l
recBufKIq9zpMSsci,d
recBufKIq9zpMSsci,s
recBufKIq9zpMSsci,.
recBufKIq9zpMSsci,"
"
recBufKIq9zpMSsci,"
"
recBufKIq9zpMSsci,N
recBufKIq9zpMSsci,a
recBufKIq9zpMSsci,t
recBufKIq9zpMSsci,i
recBufKIq9zpMSsci,o
recBufKIq9zpMSsci,n
recBufKIq9zpMSsci,a
recBufKIq9zpMSsci,l
recBufKIq9zpMSsci, 
recBufKIq9zpMSsci,M
recBufKIq9zpMSsci,e
recBufKIq9zpMSsci,r
recBufKIq9zpMSsci,i
recBufKIq9zpMSsci,t
recBufKIq9zpMSsci, 
recBufKIq9zpMSsci,S
recBufKIq9zpMSsci,c
recBufKIq9zpMSsci,h
recBufKIq9zpMSsci,o
recBufKIq9zpMSsci,l
recBufKIq9zpMSsci,a
recBufKIq9zpMSsci,r
recBufKIq9zpMSsci,s
recBufKIq9zpMSsci,:
recBufKIq9zpMSsci, 
recBufKIq9zpMSsci,F
recBufKIq9zpMSsci,o
recBufKIq9zpMSsci,u
recBufKIq9zpMSsci,r
recBufKIq9zpMSsci, 
recBufKIq9zpMSsci,s
recBufKIq9zpMSsci,t
recBufKIq9zpMSsci,u
recBufKIq9zpMSsci,d
recBufKIq9zpMSsci,e
recBufKIq9zpMSsci,n
recBufKIq9zpMSsci,t
recBufKIq9zpMSsci,s
recBufKIq9zpMSsci, 
recBufKIq9zpMSsci,f
recBufKIq9zpMSsci,r
recBufKIq9zpMSsci,o
recBufKIq9zpMSsci,m
recBufKIq9zpMSsci, 
recBufKIq9zpMSsci,t
recBufKIq9zpMSsci,h
recBufKIq9zpMSsci,e
recBufKIq9zpMSsci, 
recBufKIq9zpMSsci,m
recBufKIq9zpMSsci,o
recBufKIq9zpMSsci,s
recBufKIq9zpMSsci,t
recBufKIq9zpMSsci, 
recBufKIq9zpMSsci,r
recBufKIq9zpMSsci,e
recBufKIq9zpMSsci,c
recBufKIq9zpMSsci,e
recBufKIq9zpMSsci,n
recBufKIq9zpMSsci,t
recBufKIq9zpMSsci, 
recBufKIq9zpMSsci,g
recBufKIq9zpMSsci,r
recBufKIq9zpMSsci,a
recBufKIq9zpMSsci,d
recBufKIq9zpMSsci,u
recBufKIq9zpMSsci,a
recBufKIq9zpMSsci,t
recBufKIq9zpMSsci,i
recBufKIq9zpMSsci,n
recBufKIq9zpMSsci,g
recBufKIq9zpMSsci, 
recBufKIq9zpMSsci,c
recBufKIq9zpMSsci,l
recBufKIq9zpMSsci,a
recBufKIq9zpMSsci,s
recBufKIq9zpMSsci,s
recBufKIq9zpMSsci, 
recBufKIq9zpMSsci,w
recBufKIq9zpMSsci,e
recBufKIq9zpMSsci,r
recBufKIq9zpMSsci,e
recBufKIq9zpMSsci, 
recBufKIq9zpMSsci,r
recBufKIq9zpMSsci,e
recBufKIq9zpMSsci,c
recBufKIq9zpMSsci,o
recBufKIq9zpMSsci,g
recBufKIq9zpMSsci,n
recBufKIq9zpMSsci,i
recBufKIq9zpMSsci,z
recBufKIq9zpMSsci,e
recBufKIq9zpMSsci,d
recBufKIq9zpMSsci, 
recBufKIq9zpMSsci,a
recBufKIq9zpMSsci,s
recBufKIq9zpMSsci, 
recBufKIq9zpMSsci,N
recBufKIq9zpMSsci,a
recBufKIq9zpMSsci,t
recBufKIq9zpMSsci,i
recBufKIq9zpMSsci,o
recBufKIq9zpMSsci,n
recBufKIq9zpMSsci,a
recBufKIq9zpMSsci,l
recBufKIq9zpMSsci, 
recBufKIq9zpMSsci,M
recBufKIq9zpMSsci,e
recBufKIq9zpMSsci,r
recBufKIq9zpMSsci,i
recBufKIq9zpMSsci,t
recBufKIq9zpMSsci, 
recBufKIq9zpMSsci,S
recBufKIq9zpMSsci,c
recBufKIq9zpMSsci,h
recBufKIq9zpMSsci,o
recBufKIq9zpMSsci,l
recBufKIq9zpMSsci,a
recBufKIq9zpMSsci,r
recBufKIq9zpMSsci,s
recBufKIq9zpMSsci,","
recBufKIq9zpMSsci, 
recBufKIq9zpMSsci,a
recBufKIq9zpMSsci, 
recBufKIq9zpMSsci,d
recBufKIq9zpMSsci,i
recBufKIq9zpMSsci,s
recBufKIq9zpMSsci,t
recBufKIq9zpMSsci,i
recBufKIq9zpMSsci,n
recBufKIq9zpMSsci,c
recBufKIq9zpMSsci,t
recBufKIq9zpMSsci,i
recBufKIq9zpMSsci,o
recBufKIq9zpMSsci,n
recBufKIq9zpMSsci, 
recBufKIq9zpMSsci,r
recBufKIq9zpMSsci,e
recBufKIq9zpMSsci,s
recBufKIq9zpMSsci,e
recBufKIq9zpMSsci,r
recBufKIq9zpMSsci,v
recBufKIq9zpMSsci,e
recBufKIq9zpMSsci,d
recBufKIq9zpMSsci, 
recBufKIq9zpMSsci,f
recBufKIq9zpMSsci,o
recBufKIq9zpMSsci,r
recBufKIq9zpMSsci, 
recBufKIq9zpMSsci,t
recBufKIq9zpMSsci,h
recBufKIq9zpMSsci,e
recBufKIq9zpMSsci, 
recBufKIq9zpMSsci,t
recBufKIq9zpMSsci,o
recBufKIq9zpMSsci,p
recBufKIq9zpMSsci, 
recBufKIq9zpMSsci,1
recBufKIq9zpMSsci,%
recBufKIq9zpMSsci, 
recBufKIq9zpMSsci,o
recBufKIq9zpMSsci,f
recBufKIq9zpMSsci, 
recBufKIq9zpMSsci,h
recBufKIq9zpMSsci,i
recBufKIq9zpMSsci,g
recBufKIq9zpMSsci,h
recBufKIq9zpMSsci, 
recBufKIq9zpMSsci,s
recBufKIq9zpMSsci,c
recBufKIq9zpMSsci,h
recBufKIq9zpMSsci,o
recBufKIq9zpMSsci,o
recBufKIq9zpMSsci,l
recBufKIq9zpMSsci, 
recBufKIq9zpMSsci,s
recBufKIq9zpMSsci,e
recBufKIq9zpMSsci,n
recBufKIq9zpMSsci,i
recBufKIq9zpMSsci,o
recBufKIq9zpMSsci,r
recBufKIq9zpMSsci,s
recBufKIq9zpMSsci, 
recBufKIq9zpMSsci,i
recBufKIq9zpMSsci,n
recBufKIq9zpMSsci, 
recBufKIq9zpMSsci,t
recBufKIq9zpMSsci,h
recBufKIq9zpMSsci,e
recBufKIq9zpMSsci, 
recBufKIq9zpMSsci,U
recBufKIq9zpMSsci,.
recBufKIq9zpMSsci,S
recBufKIq9zpMSsci,.
recBufKIq9zpMSsci,"
"
recBufKIq9zpMSsci,"
"
recBufKIq9zpMSsci,4
recBufKIq9zpMSsci,.
recBufKIq9zpMSsci, 
recBufKIq9zpMSsci,T
recBufKIq9zpMSsci,o
recBufKIq9zpMSsci,p
recBufKIq9zpMSsci,-
recBufKIq9zpMSsci,T
recBufKIq9zpMSsci,i
recBufKIq9zpMSsci,e
recBufKIq9zpMSsci,r
recBufKIq9zpMSsci, 
recBufKIq9zpMSsci,N
recBufKIq9zpMSsci,a
recBufKIq9zpMSsci,t
recBufKIq9zpMSsci,i
recBufKIq9zpMSsci,o
recBufKIq9zpMSsci,n
recBufKIq9zpMSsci,a
recBufKIq9zpMSsci,l
recBufKIq9zpMSsci, 
recBufKIq9zpMSsci,R
recBufKIq9zpMSsci,a
recBufKIq9zpMSsci,n
recBufKIq9zpMSsci,k
recBufKIq9zpMSsci,i
recBufKIq9zpMSsci,n
recBufKIq9zpMSsci,g
recBufKIq9zpMSsci,s
recBufKIq9zpMSsci,"
"
recBufKIq9zpMSsci,T
recBufKIq9zpMSsci,V
recBufKIq9zpMSsci,S
recBufKIq9zpMSsci,'
recBufKIq9zpMSsci,s
recBufKIq9zpMSsci, 
recBufKIq9zpMSsci,a
recBufKIq9zpMSsci,c
recBufKIq9zpMSsci,a
recBufKIq9zpMSsci,d
recBufKIq9zpMSsci,e
recBufKIq9zpMSsci,m
recBufKIq9zpMSsci,i
recBufKIq9zpMSsci,c
recBufKIq9zpMSsci, 
recBufKIq9zpMSsci,r
recBufKIq9zpMSsci,i
recBufKIq9zpMSsci,g
recBufKIq9zpMSsci,o
recBufKIq9zpMSsci,r
recBufKIq9zpMSsci, 
recBufKIq9zpMSsci,i
recBufKIq9zpMSsci,s
recBufKIq9zpMSsci, 
recBufKIq9zpMSsci,r
recBufKIq9zpMSsci,e
recBufKIq9zpMSsci,f
recBufKIq9zpMSsci,l
recBufKIq9zpMSsci,e
recBufKIq9zpMSsci,c
recBufKIq9zpMSsci,t
recBufKIq9zpMSsci,e
recBufKIq9zpMSsci,d
recBufKIq9zpMSsci, 
recBufKIq9zpMSsci,i
recBufKIq9zpMSsci,n
recBufKIq9zpMSsci, 
recBufKIq9zpMSsci,i
recBufKIq9zpMSsci,t
recBufKIq9zpMSsci,s
recBufKIq9zpMSsci, 
recBufKIq9zpMSsci,2
recBufKIq9zpMSsci,0
recBufKIq9zpMSsci,2
recBufKIq9zpMSsci,5
recBufKIq9zpMSsci, 
recBufKIq9zpMSsci,r
recBufKIq9zpMSsci,a
recBufKIq9zpMSsci,n
recBufKIq9zpMSsci,k
recBufKIq9zpMSsci,i
recBufKIq9zpMSsci,n
recBufKIq9zpMSsci,g
recBufKIq9zpMSsci,s
recBufKIq9zpMSsci, 
recBufKIq9zpMSsci,b
recBufKIq9zpMSsci,y
recBufKIq9zpMSsci, 
recBufKIq9zpMSsci,N
recBufKIq9zpMSsci,i
recBufKIq9zpMSsci,c
recBufKIq9zpMSsci,h
recBufKIq9zpMSsci,e
recBufKIq9zpMSsci,:
recBufKIq9zpMSsci,"
"
recBufKIq9zpMSsci,"
"
recBufKIq9zpMSsci,#
recBufKIq9zpMSsci,1
recBufKIq9zpMSsci,5
recBufKIq9zpMSsci, 
recBufKIq9zpMSsci,B
recBufKIq9zpMSsci,e
recBufKIq9zpMSsci,s
recBufKIq9zpMSsci,t
recBufKIq9zpMSsci, 
recBufKIq9zpMSsci,P
recBufKIq9zpMSsci,r
recBufKIq9zpMSsci,i
recBufKIq9zpMSsci,v
recBufKIq9zpMSsci,a
recBufKIq9zpMSsci,t
recBufKIq9zpMSsci,e
recBufKIq9zpMSsci, 
recBufKIq9zpMSsci,K
recBufKIq9zpMSsci,–
recBufKIq9zpMSsci,1
recBufKIq9zpMSsci,2
recBufKIq9zpMSsci, 
recBufKIq9zpMSsci,S
recBufKIq9zpMSsci,c
recBufKIq9zpMSsci,h
recBufKIq9zpMSsci,o
recBufKIq9zpMSsci,o
recBufKIq9zpMSsci,l
recBufKIq9zpMSsci, 
recBufKIq9zpMSsci,i
recBufKIq9zpMSsci,n
recBufKIq9zpMSsci, 
recBufKIq9zpMSsci,A
recBufKIq9zpMSsci,m
recBufKIq9zpMSsci,e
recBufKIq9zpMSsci,r
recBufKIq9zpMSsci,i
recBufKIq9zpMSsci,c
recBufKIq9zpMSsci,a
recBufKIq9zpMSsci,.
recBufKIq9zpMSsci,"
"
recBufKIq9zpMSsci,"
"
recBufKIq9zpMSsci,#
recBufKIq9zpMSsci,1
recBufKIq9zpMSsci, 
recBufKIq9zpMSsci,M
recBufKIq9zpMSsci,o
recBufKIq9zpMSsci,s
recBufKIq9zpMSsci,t
recBufKIq9zpMSsci, 
recBufKIq9zpMSsci,D
recBufKIq9zpMSsci,i
recBufKIq9zpMSsci,v
recBufKIq9zpMSsci,e
recBufKIq9zpMSsci,r
recBufKIq9zpMSsci,s
recBufKIq9zpMSsci,e
recBufKIq9zpMSsci, 
recBufKIq9zpMSsci,P
recBufKIq9zpMSsci,r
recBufKIq9zpMSsci,i
recBufKIq9zpMSsci,v
recBufKIq9zpMSsci,a
recBufKIq9zpMSsci,t
recBufKIq9zpMSsci,e
recBufKIq9zpMSsci, 
recBufKIq9zpMSsci,S
recBufKIq9zpMSsci,c
recBufKIq9zpMSsci,h
recBufKIq9zpMSsci,o
recBufKIq9zpMSsci,o
recBufKIq9zpMSsci,l
recBufKIq9zpMSsci, 
recBufKIq9zpMSsci,i
recBufKIq9zpMSsci,n
recBufKIq9zpMSsci, 
recBufKIq9zpMSsci,T
recBufKIq9zpMSsci,e
recBufKIq9zpMSsci,x
recBufKIq9zpMSsci,a
recBufKIq9zpMSsci,s
recBufKIq9zpMSsci,","
recBufKIq9zpMSsci, 
recBufKIq9zpMSsci,o
recBufKIq9zpMSsci,f
recBufKIq9zpMSsci,f
recBufKIq9zpMSsci,e
recBufKIq9zpMSsci,r
recBufKIq9zpMSsci,i
recBufKIq9zpMSsci,n
recBufKIq9zpMSsci,g
recBufKIq9zpMSsci, 
recBufKIq9zpMSsci,a
recBufKIq9zpMSsci, 
recBufKIq9zpMSsci,g
recBufKIq9zpMSsci,l
recBufKIq9zpMSsci,o
recBufKIq9zpMSsci,b
recBufKIq9zpMSsci,a
recBufKIq9zpMSsci,l
recBufKIq9zpMSsci, 
recBufKIq9zpMSsci,p
recBufKIq9zpMSsci,e
recBufKIq9zpMSsci,r
recBufKIq9zpMSsci,s
recBufKIq9zpMSsci,p
recBufKIq9zpMSsci,e
recBufKIq9zpMSsci,c
recBufKIq9zpMSsci,t
recBufKIq9zpMSsci,i
recBufKIq9zpMSsci,v
recBufKIq9zpMSsci,e
recBufKIq9zpMSsci, 
recBufKIq9zpMSsci,w
recBufKIq9zpMSsci,i
recBufKIq9zpMSsci,t
recBufKIq9zpMSsci,h
recBufKIq9zpMSsci, 
recBufKIq9zpMSsci,s
recBufKIq9zpMSsci,t
recBufKIq9zpMSsci,u
recBufKIq9zpMSsci,d
recBufKIq9zpMSsci,e
recBufKIq9zpMSsci,n
recBufKIq9zpMSsci,t
recBufKIq9zpMSsci,s
recBufKIq9zpMSsci, 
recBufKIq9zpMSsci,f
recBufKIq9zpMSsci,r
recBufKIq9zpMSsci,o
recBufKIq9zpMSsci,m
recBufKIq9zpMSsci, 
recBufKIq9zpMSsci,o
recBufKIq9zpMSsci,v
recBufKIq9zpMSsci,e
recBufKIq9zpMSsci,r
recBufKIq9zpMSsci, 
recBufKIq9zpMSsci,9
recBufKIq9zpMSsci,0
recBufKIq9zpMSsci, 
recBufKIq9zpMSsci,n
recBufKIq9zpMSsci,a
recBufKIq9zpMSsci,t
recBufKIq9zpMSsci,i
recBufKIq9zpMSsci,o
recBufKIq9zpMSsci,n
recBufKIq9zpMSsci,a
recBufKIq9zpMSsci,l
recBufKIq9zpMSsci,i
recBufKIq9zpMSsci,t
recBufKIq9zpMSsci,i
recBufKIq9zpMSsci,e
recBufKIq9zpMSsci,s
recBufKIq9zpMSsci,.
recBufKIq9zpMSsci,"
"
recBufKIq9zpMSsci,"
"
recBufKIq9zpMSsci,#
recBufKIq9zpMSsci,2
recBufKIq9zpMSsci, 
recBufKIq9zpMSsci,B
recBufKIq9zpMSsci,e
recBufKIq9zpMSsci,s
recBufKIq9zpMSsci,t
recBufKIq9zpMSsci, 
recBufKIq9zpMSsci,S
recBufKIq9zpMSsci,T
recBufKIq9zpMSsci,E
recBufKIq9zpMSsci,M
recBufKIq9zpMSsci, 
recBufKIq9zpMSsci,H
recBufKIq9zpMSsci,i
recBufKIq9zpMSsci,g
recBufKIq9zpMSsci,h
recBufKIq9zpMSsci, 
recBufKIq9zpMSsci,S
recBufKIq9zpMSsci,c
recBufKIq9zpMSsci,h
recBufKIq9zpMSsci,o
recBufKIq9zpMSsci,o
recBufKIq9zpMSsci,l
recBufKIq9zpMSsci, 
recBufKIq9zpMSsci,i
recBufKIq9zpMSsci,n
recBufKIq9zpMSsci, 
recBufKIq9zpMSsci,H
recBufKIq9zpMSsci,o
recBufKIq9zpMSsci,u
recBufKIq9zpMSsci,s
recBufKIq9zpMSsci,t
recBufKIq9zpMSsci,o
recBufKIq9zpMSsci,n
recBufKIq9zpMSsci,","
recBufKIq9zpMSsci, 
recBufKIq9zpMSsci,b
recBufKIq9zpMSsci,o
recBufKIq9zpMSsci,l
recBufKIq9zpMSsci,s
recBufKIq9zpMSsci,t
recBufKIq9zpMSsci,e
recBufKIq9zpMSsci,r
recBufKIq9zpMSsci,e
recBufKIq9zpMSsci,d
recBufKIq9zpMSsci, 
recBufKIq9zpMSsci,b
recBufKIq9zpMSsci,y
recBufKIq9zpMSsci, 
recBufKIq9zpMSsci,t
recBufKIq9zpMSsci,h
recBufKIq9zpMSsci,e
recBufKIq9zpMSsci,i
recBufKIq9zpMSsci,r
recBufKIq9zpMSsci, 
recBufKIq9zpMSsci,e
recBufKIq9zpMSsci,x
recBufKIq9zpMSsci,c
recBufKIq9zpMSsci,l
recBufKIq9zpMSsci,u
recBufKIq9zpMSsci,s
recBufKIq9zpMSsci,i
recBufKIq9zpMSsci,v
recBufKIq9zpMSsci,e
recBufKIq9zpMSsci, 
recBufKIq9zpMSsci,c
recBufKIq9zpMSsci,o
recBufKIq9zpMSsci,l
recBufKIq9zpMSsci,l
recBufKIq9zpMSsci,a
recBufKIq9zpMSsci,b
recBufKIq9zpMSsci,o
recBufKIq9zpMSsci,r
recBufKIq9zpMSsci,a
recBufKIq9zpMSsci,t
recBufKIq9zpMSsci,i
recBufKIq9zpMSsci,o
recBufKIq9zpMSsci,n
recBufKIq9zpMSsci, 
recBufKIq9zpMSsci,w
recBufKIq9zpMSsci,i
recBufKIq9zpMSsci,t
recBufKIq9zpMSsci,h
recBufKIq9zpMSsci, 
recBufKIq9zpMSsci,M
recBufKIq9zpMSsci,I
recBufKIq9zpMSsci,T
recBufKIq9zpMSsci,.
reczWuoNDZrBsBuq6,G
reczWuoNDZrBsBuq6,a
reczWuoNDZrBsBuq6,t
reczWuoNDZrBsBuq6,e
reczWuoNDZrBsBuq6,w
reczWuoNDZrBsBuq6,a
reczWuoNDZrBsBuq6,y
reczWuoNDZrBsBuq6, 
reczWuoNDZrBsBuq6,A
reczWuoNDZrBsBuq6,c
reczWuoNDZrBsBuq6,a
reczWuoNDZrBsBuq6,d
reczWuoNDZrBsBuq6,e
reczWuoNDZrBsBuq6,m
reczWuoNDZrBsBuq6,y
reczWuoNDZrBsBuq6, 
reczWuoNDZrBsBuq6,L
reczWuoNDZrBsBuq6,e
reczWuoNDZrBsBuq6,a
reczWuoNDZrBsBuq6,r
reczWuoNDZrBsBuq6,n
reczWuoNDZrBsBuq6,i
reczWuoNDZrBsBuq6,n
reczWuoNDZrBsBuq6,g
reczWuoNDZrBsBuq6, 
reczWuoNDZrBsBuq6,C
reczWuoNDZrBsBuq6,e
reczWuoNDZrBsBuq6,n
reczWuoNDZrBsBuq6,t
reczWuoNDZrBsBuq6,e
reczWuoNDZrBsBuq6,r
reczWuoNDZrBsBuq6, 
reczWuoNDZrBsBuq6,p
reczWuoNDZrBsBuq6,r
reczWuoNDZrBsBuq6,o
reczWuoNDZrBsBuq6,u
reczWuoNDZrBsBuq6,d
reczWuoNDZrBsBuq6,l
reczWuoNDZrBsBuq6,y
reczWuoNDZrBsBuq6, 
reczWuoNDZrBsBuq6,s
reczWuoNDZrBsBuq6,e
reczWuoNDZrBsBuq6,r
reczWuoNDZrBsBuq6,v
reczWuoNDZrBsBuq6,e
reczWuoNDZrBsBuq6,s
reczWuoNDZrBsBuq6, 
reczWuoNDZrBsBuq6,i
reczWuoNDZrBsBuq6,n
reczWuoNDZrBsBuq6,f
reczWuoNDZrBsBuq6,a
reczWuoNDZrBsBuq6,n
reczWuoNDZrBsBuq6,t
reczWuoNDZrBsBuq6,s
reczWuoNDZrBsBuq6,","
reczWuoNDZrBsBuq6, 
reczWuoNDZrBsBuq6,t
reczWuoNDZrBsBuq6,o
reczWuoNDZrBsBuq6,d
reczWuoNDZrBsBuq6,d
reczWuoNDZrBsBuq6,l
reczWuoNDZrBsBuq6,e
reczWuoNDZrBsBuq6,r
reczWuoNDZrBsBuq6,s
reczWuoNDZrBsBuq6,","
reczWuoNDZrBsBuq6, 
reczWuoNDZrBsBuq6,p
reczWuoNDZrBsBuq6,r
reczWuoNDZrBsBuq6,e
reczWuoNDZrBsBuq6,s
reczWuoNDZrBsBuq6,c
reczWuoNDZrBsBuq6,h
reczWuoNDZrBsBuq6,o
reczWuoNDZrBsBuq6,o
reczWuoNDZrBsBuq6,l
reczWuoNDZrBsBuq6,e
reczWuoNDZrBsBuq6,r
reczWuoNDZrBsBuq6,s
reczWuoNDZrBsBuq6,","
reczWuoNDZrBsBuq6, 
reczWuoNDZrBsBuq6,a
reczWuoNDZrBsBuq6,n
reczWuoNDZrBsBuq6,d
reczWuoNDZrBsBuq6, 
reczWuoNDZrBsBuq6,a
reczWuoNDZrBsBuq6,f
reczWuoNDZrBsBuq6,t
reczWuoNDZrBsBuq6,e
reczWuoNDZrBsBuq6,r
reczWuoNDZrBsBuq6,-
reczWuoNDZrBsBuq6,s
reczWuoNDZrBsBuq6,c
reczWuoNDZrBsBuq6,h
reczWuoNDZrBsBuq6,o
reczWuoNDZrBsBuq6,o
reczWuoNDZrBsBuq6,l
reczWuoNDZrBsBuq6, 
reczWuoNDZrBsBuq6,s
reczWuoNDZrBsBuq6,t
reczWuoNDZrBsBuq6,u
reczWuoNDZrBsBuq6,d
reczWuoNDZrBsBuq6,e
reczWuoNDZrBsBuq6,n
reczWuoNDZrBsBuq6,t
reczWuoNDZrBsBuq6,s
reczWuoNDZrBsBuq6, 
reczWuoNDZrBsBuq6,w
reczWuoNDZrBsBuq6,i
reczWuoNDZrBsBuq6,t
reczWuoNDZrBsBuq6,h
reczWuoNDZrBsBuq6, 
reczWuoNDZrBsBuq6,d
reczWuoNDZrBsBuq6,e
reczWuoNDZrBsBuq6,v
reczWuoNDZrBsBuq6,e
reczWuoNDZrBsBuq6,l
reczWuoNDZrBsBuq6,o
reczWuoNDZrBsBuq6,p
reczWuoNDZrBsBuq6,m
reczWuoNDZrBsBuq6,e
reczWuoNDZrBsBuq6,n
reczWuoNDZrBsBuq6,t
reczWuoNDZrBsBuq6,a
reczWuoNDZrBsBuq6,l
reczWuoNDZrBsBuq6,l
reczWuoNDZrBsBuq6,y
reczWuoNDZrBsBuq6, 
reczWuoNDZrBsBuq6,a
reczWuoNDZrBsBuq6,p
reczWuoNDZrBsBuq6,p
reczWuoNDZrBsBuq6,r
reczWuoNDZrBsBuq6,o
reczWuoNDZrBsBuq6,p
reczWuoNDZrBsBuq6,r
reczWuoNDZrBsBuq6,i
reczWuoNDZrBsBuq6,a
reczWuoNDZrBsBuq6,t
reczWuoNDZrBsBuq6,e
reczWuoNDZrBsBuq6,","
reczWuoNDZrBsBuq6, 
reczWuoNDZrBsBuq6,h
reczWuoNDZrBsBuq6,i
reczWuoNDZrBsBuq6,g
reczWuoNDZrBsBuq6,h
reczWuoNDZrBsBuq6,-
reczWuoNDZrBsBuq6,q
reczWuoNDZrBsBuq6,u
reczWuoNDZrBsBuq6,a
reczWuoNDZrBsBuq6,l
reczWuoNDZrBsBuq6,i
reczWuoNDZrBsBuq6,t
reczWuoNDZrBsBuq6,y
reczWuoNDZrBsBuq6, 
reczWuoNDZrBsBuq6,i
reczWuoNDZrBsBuq6,n
reczWuoNDZrBsBuq6,s
reczWuoNDZrBsBuq6,t
reczWuoNDZrBsBuq6,r
reczWuoNDZrBsBuq6,u
reczWuoNDZrBsBuq6,c
reczWuoNDZrBsBuq6,t
reczWuoNDZrBsBuq6,i
reczWuoNDZrBsBuq6,o
reczWuoNDZrBsBuq6,n
reczWuoNDZrBsBuq6,.
reczWuoNDZrBsBuq6, 
reczWuoNDZrBsBuq6,O
reczWuoNDZrBsBuq6,u
reczWuoNDZrBsBuq6,r
reczWuoNDZrBsBuq6, 
reczWuoNDZrBsBuq6,l
reczWuoNDZrBsBuq6,e
reczWuoNDZrBsBuq6,a
reczWuoNDZrBsBuq6,r
reczWuoNDZrBsBuq6,n
reczWuoNDZrBsBuq6,e
reczWuoNDZrBsBuq6,r
reczWuoNDZrBsBuq6,s
reczWuoNDZrBsBuq6, 
reczWuoNDZrBsBuq6,c
reczWuoNDZrBsBuq6,o
reczWuoNDZrBsBuq6,n
reczWuoNDZrBsBuq6,s
reczWuoNDZrBsBuq6,i
reczWuoNDZrBsBuq6,s
reczWuoNDZrBsBuq6,t
reczWuoNDZrBsBuq6,e
reczWuoNDZrBsBuq6,n
reczWuoNDZrBsBuq6,t
reczWuoNDZrBsBuq6,l
reczWuoNDZrBsBuq6,y
reczWuoNDZrBsBuq6, 
reczWuoNDZrBsBuq6,d
reczWuoNDZrBsBuq6,e
reczWuoNDZrBsBuq6,m
reczWuoNDZrBsBuq6,o
reczWuoNDZrBsBuq6,n
reczWuoNDZrBsBuq6,s
reczWuoNDZrBsBuq6,t
reczWuoNDZrBsBuq6,r
reczWuoNDZrBsBuq6,a
reczWuoNDZrBsBuq6,t
reczWuoNDZrBsBuq6,e
reczWuoNDZrBsBuq6, 
reczWuoNDZrBsBuq6,s
reczWuoNDZrBsBuq6,t
reczWuoNDZrBsBuq6,r
reczWuoNDZrBsBuq6,o
reczWuoNDZrBsBuq6,n
reczWuoNDZrBsBuq6,g
reczWuoNDZrBsBuq6, 
reczWuoNDZrBsBuq6,g
reczWuoNDZrBsBuq6,r
reczWuoNDZrBsBuq6,o
reczWuoNDZrBsBuq6,w
reczWuoNDZrBsBuq6,t
reczWuoNDZrBsBuq6,h
reczWuoNDZrBsBuq6, 
reczWuoNDZrBsBuq6,i
reczWuoNDZrBsBuq6,n
reczWuoNDZrBsBuq6, 
reczWuoNDZrBsBuq6,e
reczWuoNDZrBsBuq6,a
reczWuoNDZrBsBuq6,r
reczWuoNDZrBsBuq6,l
reczWuoNDZrBsBuq6,y
reczWuoNDZrBsBuq6, 
reczWuoNDZrBsBuq6,l
reczWuoNDZrBsBuq6,i
reczWuoNDZrBsBuq6,t
reczWuoNDZrBsBuq6,e
reczWuoNDZrBsBuq6,r
reczWuoNDZrBsBuq6,a
reczWuoNDZrBsBuq6,c
reczWuoNDZrBsBuq6,y
reczWuoNDZrBsBuq6,","
reczWuoNDZrBsBuq6, 
reczWuoNDZrBsBuq6,n
reczWuoNDZrBsBuq6,u
reczWuoNDZrBsBuq6,m
reczWuoNDZrBsBuq6,e
reczWuoNDZrBsBuq6,r
reczWuoNDZrBsBuq6,a
reczWuoNDZrBsBuq6,c
reczWuoNDZrBsBuq6,y
reczWuoNDZrBsBuq6,","
reczWuoNDZrBsBuq6, 
reczWuoNDZrBsBuq6,s
reczWuoNDZrBsBuq6,o
reczWuoNDZrBsBuq6,c
reczWuoNDZrBsBuq6,i
reczWuoNDZrBsBuq6,a
reczWuoNDZrBsBuq6,l
reczWuoNDZrBsBuq6,–
reczWuoNDZrBsBuq6,e
reczWuoNDZrBsBuq6,m
reczWuoNDZrBsBuq6,o
reczWuoNDZrBsBuq6,t
reczWuoNDZrBsBuq6,i
reczWuoNDZrBsBuq6,o
reczWuoNDZrBsBuq6,n
reczWuoNDZrBsBuq6,a
reczWuoNDZrBsBuq6,l
reczWuoNDZrBsBuq6, 
reczWuoNDZrBsBuq6,d
reczWuoNDZrBsBuq6,e
reczWuoNDZrBsBuq6,v
reczWuoNDZrBsBuq6,e
reczWuoNDZrBsBuq6,l
reczWuoNDZrBsBuq6,o
reczWuoNDZrBsBuq6,p
reczWuoNDZrBsBuq6,m
reczWuoNDZrBsBuq6,e
reczWuoNDZrBsBuq6,n
reczWuoNDZrBsBuq6,t
reczWuoNDZrBsBuq6,","
reczWuoNDZrBsBuq6, 
reczWuoNDZrBsBuq6,a
reczWuoNDZrBsBuq6,n
reczWuoNDZrBsBuq6,d
reczWuoNDZrBsBuq6, 
reczWuoNDZrBsBuq6,s
reczWuoNDZrBsBuq6,c
reczWuoNDZrBsBuq6,h
reczWuoNDZrBsBuq6,o
reczWuoNDZrBsBuq6,o
reczWuoNDZrBsBuq6,l
reczWuoNDZrBsBuq6, 
reczWuoNDZrBsBuq6,r
reczWuoNDZrBsBuq6,e
reczWuoNDZrBsBuq6,a
reczWuoNDZrBsBuq6,d
reczWuoNDZrBsBuq6,i
reczWuoNDZrBsBuq6,n
reczWuoNDZrBsBuq6,e
reczWuoNDZrBsBuq6,s
reczWuoNDZrBsBuq6,s
reczWuoNDZrBsBuq6,.
reczWuoNDZrBsBuq6, 
reczWuoNDZrBsBuq6,T
reczWuoNDZrBsBuq6,h
reczWuoNDZrBsBuq6,r
reczWuoNDZrBsBuq6,o
reczWuoNDZrBsBuq6,u
reczWuoNDZrBsBuq6,g
reczWuoNDZrBsBuq6,h
reczWuoNDZrBsBuq6, 
reczWuoNDZrBsBuq6,i
reczWuoNDZrBsBuq6,n
reczWuoNDZrBsBuq6,d
reczWuoNDZrBsBuq6,i
reczWuoNDZrBsBuq6,v
reczWuoNDZrBsBuq6,i
reczWuoNDZrBsBuq6,d
reczWuoNDZrBsBuq6,u
reczWuoNDZrBsBuq6,a
reczWuoNDZrBsBuq6,l
reczWuoNDZrBsBuq6,i
reczWuoNDZrBsBuq6,z
reczWuoNDZrBsBuq6,e
reczWuoNDZrBsBuq6,d
reczWuoNDZrBsBuq6, 
reczWuoNDZrBsBuq6,l
reczWuoNDZrBsBuq6,e
reczWuoNDZrBsBuq6,a
reczWuoNDZrBsBuq6,r
reczWuoNDZrBsBuq6,n
reczWuoNDZrBsBuq6,i
reczWuoNDZrBsBuq6,n
reczWuoNDZrBsBuq6,g
reczWuoNDZrBsBuq6, 
reczWuoNDZrBsBuq6,p
reczWuoNDZrBsBuq6,l
reczWuoNDZrBsBuq6,a
reczWuoNDZrBsBuq6,n
reczWuoNDZrBsBuq6,s
reczWuoNDZrBsBuq6,","
reczWuoNDZrBsBuq6, 
reczWuoNDZrBsBuq6,s
reczWuoNDZrBsBuq6,t
reczWuoNDZrBsBuq6,r
reczWuoNDZrBsBuq6,u
reczWuoNDZrBsBuq6,c
reczWuoNDZrBsBuq6,t
reczWuoNDZrBsBuq6,u
reczWuoNDZrBsBuq6,r
reczWuoNDZrBsBuq6,e
reczWuoNDZrBsBuq6,d
reczWuoNDZrBsBuq6, 
reczWuoNDZrBsBuq6,e
reczWuoNDZrBsBuq6,n
reczWuoNDZrBsBuq6,r
reczWuoNDZrBsBuq6,i
reczWuoNDZrBsBuq6,c
reczWuoNDZrBsBuq6,h
reczWuoNDZrBsBuq6,m
reczWuoNDZrBsBuq6,e
reczWuoNDZrBsBuq6,n
reczWuoNDZrBsBuq6,t
reczWuoNDZrBsBuq6,","
reczWuoNDZrBsBuq6, 
reczWuoNDZrBsBuq6,a
reczWuoNDZrBsBuq6,n
reczWuoNDZrBsBuq6,d
reczWuoNDZrBsBuq6, 
reczWuoNDZrBsBuq6,a
reczWuoNDZrBsBuq6, 
reczWuoNDZrBsBuq6,s
reczWuoNDZrBsBuq6,a
reczWuoNDZrBsBuq6,f
reczWuoNDZrBsBuq6,e
reczWuoNDZrBsBuq6,","
reczWuoNDZrBsBuq6, 
reczWuoNDZrBsBuq6,s
reczWuoNDZrBsBuq6,u
reczWuoNDZrBsBuq6,p
reczWuoNDZrBsBuq6,p
reczWuoNDZrBsBuq6,o
reczWuoNDZrBsBuq6,r
reczWuoNDZrBsBuq6,t
reczWuoNDZrBsBuq6,i
reczWuoNDZrBsBuq6,v
reczWuoNDZrBsBuq6,e
reczWuoNDZrBsBuq6, 
reczWuoNDZrBsBuq6,e
reczWuoNDZrBsBuq6,n
reczWuoNDZrBsBuq6,v
reczWuoNDZrBsBuq6,i
reczWuoNDZrBsBuq6,r
reczWuoNDZrBsBuq6,o
reczWuoNDZrBsBuq6,n
reczWuoNDZrBsBuq6,m
reczWuoNDZrBsBuq6,e
reczWuoNDZrBsBuq6,n
reczWuoNDZrBsBuq6,t
reczWuoNDZrBsBuq6,","
reczWuoNDZrBsBuq6, 
reczWuoNDZrBsBuq6,G
reczWuoNDZrBsBuq6,a
reczWuoNDZrBsBuq6,t
reczWuoNDZrBsBuq6,e
reczWuoNDZrBsBuq6,w
reczWuoNDZrBsBuq6,a
reczWuoNDZrBsBuq6,y
reczWuoNDZrBsBuq6, 
reczWuoNDZrBsBuq6,A
reczWuoNDZrBsBuq6,c
reczWuoNDZrBsBuq6,a
reczWuoNDZrBsBuq6,d
reczWuoNDZrBsBuq6,e
reczWuoNDZrBsBuq6,m
reczWuoNDZrBsBuq6,y
reczWuoNDZrBsBuq6, 
reczWuoNDZrBsBuq6,h
reczWuoNDZrBsBuq6,e
reczWuoNDZrBsBuq6,l
reczWuoNDZrBsBuq6,p
reczWuoNDZrBsBuq6,s
reczWuoNDZrBsBuq6, 
reczWuoNDZrBsBuq6,c
reczWuoNDZrBsBuq6,h
reczWuoNDZrBsBuq6,i
reczWuoNDZrBsBuq6,l
reczWuoNDZrBsBuq6,d
reczWuoNDZrBsBuq6,r
reczWuoNDZrBsBuq6,e
reczWuoNDZrBsBuq6,n
reczWuoNDZrBsBuq6, 
reczWuoNDZrBsBuq6,b
reczWuoNDZrBsBuq6,u
reczWuoNDZrBsBuq6,i
reczWuoNDZrBsBuq6,l
reczWuoNDZrBsBuq6,d
reczWuoNDZrBsBuq6, 
reczWuoNDZrBsBuq6,a
reczWuoNDZrBsBuq6, 
reczWuoNDZrBsBuq6,s
reczWuoNDZrBsBuq6,t
reczWuoNDZrBsBuq6,r
reczWuoNDZrBsBuq6,o
reczWuoNDZrBsBuq6,n
reczWuoNDZrBsBuq6,g
reczWuoNDZrBsBuq6, 
reczWuoNDZrBsBuq6,a
reczWuoNDZrBsBuq6,c
reczWuoNDZrBsBuq6,a
reczWuoNDZrBsBuq6,d
reczWuoNDZrBsBuq6,e
reczWuoNDZrBsBuq6,m
reczWuoNDZrBsBuq6,i
reczWuoNDZrBsBuq6,c
reczWuoNDZrBsBuq6, 
reczWuoNDZrBsBuq6,f
reczWuoNDZrBsBuq6,o
reczWuoNDZrBsBuq6,u
reczWuoNDZrBsBuq6,n
reczWuoNDZrBsBuq6,d
reczWuoNDZrBsBuq6,a
reczWuoNDZrBsBuq6,t
reczWuoNDZrBsBuq6,i
reczWuoNDZrBsBuq6,o
reczWuoNDZrBsBuq6,n
reczWuoNDZrBsBuq6, 
reczWuoNDZrBsBuq6,t
reczWuoNDZrBsBuq6,h
reczWuoNDZrBsBuq6,a
reczWuoNDZrBsBuq6,t
reczWuoNDZrBsBuq6, 
reczWuoNDZrBsBuq6,s
reczWuoNDZrBsBuq6,u
reczWuoNDZrBsBuq6,p
reczWuoNDZrBsBuq6,p
reczWuoNDZrBsBuq6,o
reczWuoNDZrBsBuq6,r
reczWuoNDZrBsBuq6,t
reczWuoNDZrBsBuq6,s
reczWuoNDZrBsBuq6, 
reczWuoNDZrBsBuq6,l
reczWuoNDZrBsBuq6,o
reczWuoNDZrBsBuq6,n
reczWuoNDZrBsBuq6,g
reczWuoNDZrBsBuq6,-
reczWuoNDZrBsBuq6,t
reczWuoNDZrBsBuq6,e
reczWuoNDZrBsBuq6,r
reczWuoNDZrBsBuq6,m
reczWuoNDZrBsBuq6, 
reczWuoNDZrBsBuq6,s
reczWuoNDZrBsBuq6,u
reczWuoNDZrBsBuq6,c
reczWuoNDZrBsBuq6,c
reczWuoNDZrBsBuq6,e
reczWuoNDZrBsBuq6,s
reczWuoNDZrBsBuq6,s
reczWuoNDZrBsBuq6, 
reczWuoNDZrBsBuq6,i
reczWuoNDZrBsBuq6,n
reczWuoNDZrBsBuq6, 
reczWuoNDZrBsBuq6,s
reczWuoNDZrBsBuq6,c
reczWuoNDZrBsBuq6,h
reczWuoNDZrBsBuq6,o
reczWuoNDZrBsBuq6,o
reczWuoNDZrBsBuq6,l
reczWuoNDZrBsBuq6, 
reczWuoNDZrBsBuq6,a
reczWuoNDZrBsBuq6,n
reczWuoNDZrBsBuq6,d
reczWuoNDZrBsBuq6, 
reczWuoNDZrBsBuq6,b
reczWuoNDZrBsBuq6,e
reczWuoNDZrBsBuq6,y
reczWuoNDZrBsBuq6,o
reczWuoNDZrBsBuq6,n
reczWuoNDZrBsBuq6,d
reczWuoNDZrBsBuq6,.
