vendor_id,service_type
rec05zYl59hMQkZEF,local
rec0B7apVyNdg5RW5,local
rec0Ih6vIYmAEtNd1,local
rec0LFMaeIcVkxL7h,local
rec0b00SnG1QGtTF5,local
rec0hanAG3TUNX9s0,local
rec0jEmymh16i3Cb2,local
rec0kXwBurkouZpKW,local
rec0nIfa3Uafcs6A5,local
rec0qdzBx3M3n0WXc,local
rec0zNBSPa55fGXr1,local
rec0zmu32f2ykhcDY,local
rec1AonKqMLanSbDk,local
rec1NeREO0KjGb8LY,local
rec1SzAwSbhUXtC5A,local
rec1WNQ2GGBwUHgU8,local
rec1aZywCZw9sqnHt,local
rec1efrOXutNX7tcy,local
rec1iPvJyzwgDlUqT,local
rec1jYWTDTGDUpW5K,local
rec1zQu6tRRiJQPeq,local
rec23iOt8uZjwqige,local
rec27J80NJd4GmWBO,local
rec2IqWRkonWk3nMU,local
rec2iCn5MFHbFp2yU,local
rec2jOPUr93U8N0xf,local
rec2n7lyLfyfRoLZ7,local
rec2uNiGuKcmCKCeO,local
rec2yGjMEVHjpFDSF,local
rec2zivIrLDvMJRrO,local
rec3979FLMuIZgeOT,local
rec39ZvKfzpamRMsn,local
rec39bZ99GWUa9GCl,local
rec3CidfjgONQpk1a,local
rec3GQtaUnoPVf1f5,local
rec3QO5qTcHm0JRKp,local
rec3b2wSpaXUi2uxM,local
rec3kgDfGHKqthhb5,local
rec3mJyBb7EgLXep0,local
rec3qrmY6jii23yIO,local
rec3rHUBjsCVhxZco,local
rec3tCZbGMULgHlNe,local
rec3x1xpZpDzb0uSR,local
rec461ggSwNbyWbcE,local
rec4MJj2XbHmFk3Zv,local
rec4TMJD4I1MqkECp,local
rec4Zf0wsThwTvKwd,local
rec4wc2tZONCcKEIF,local
rec4xIj9yD0IRdRXr,local
rec532sChfEbCc8ML,local
rec5BykijJsnCuaz5,local
rec5KJkUHK7MDKJ7X,local
rec5M3epEJShUf9v1,local
rec5aMtR0ouhT3oS5,local
rec5bBezcYyk0hu3C,local
rec5bgvvIG8ulfdAC,local
rec5fjrs3eO2oSqnu,local
rec5h4Y14b7nterFl,local
rec5hofSWJUlxaQo1,local
rec5xL18F6A5hqmSw,local
rec5zXYHRA9LWbF4v,local
rec61lV1MeyYvxN5f,local
rec67w4UrKMgaZ33T,local
rec6CTJl60ZXOvdo9,local
rec6R24fPnxdmi4hy,local
rec6UTNItbIz4w8sI,local
rec6UkR9EX4nEhylI,local
rec6VrmulnQSrU18l,local
rec6adVYeURfuaWmp,local
rec6azPtpoLhNlQ0t,local
rec6jTGTAshpTOXB9,local
rec6n8M3c0VlgKQU7,local
rec6nfYFHBMEWj7mI,local
rec6onHBk2gk2N25I,local
rec6qmeqxRPCVrHdZ,local
rec6sntOcFz33XNAr,local
rec6upIUxjm7pa5Y6,local
rec70510dGNjbDr9T,local
rec709ShCd4MmP3Fa,local
rec77MiP8QVydIXJi,local
rec7EAXFad5jz65St,local
rec7EIpdyf468b3oT,local
rec7FggskiGwYrNMx,local
rec7IYFFKAzMa0qZn,local
rec7IeVUaC4uJHmLJ,local
rec7NGg93Q18lfvas,local
rec7WgxjxgUDSYKOF,local
rec7aHVOMmyVT7beL,local
rec7ce1nr8fO0ubVZ,local
rec7gIDhmX6KHWnRb,local
rec7hnA9wHJvUxuqp,local
rec7qbIfkNkGPuhrv,local
rec7sjvWncv4p9EUs,local
rec7xCf0fKUsbBupg,local
rec7xKTxDPGmg3Bcc,local
rec85iO6KA70UPpsD,local
rec8GinBW1xowhwLW,local
rec8LaacNPgqxKtOj,local
rec8O3vlvndC5g5mS,local
rec8OeRfaLPHZCMZd,local
rec8Sw9XkiQAkTemj,local
rec8THS2OLMKp6hbU,local
rec8ZVoEjN3K1fy5J,local
rec8eROT3DVveRYi4,local
rec8kJDDdRUxVQqsH,local
rec8vdGvqUvrBMcRV,local
rec91wl5OyVzLBzPI,local
rec96kUYLkaUGCZnW,local
rec9BBqfBdudG19lx,local
rec9NNyCy5LBRSys0,local
rec9lJ1mbhtPcBlTp,local
rec9pJqUOFc5OMOHZ,local
rec9pKOYqiZvKYEek,local
rec9ppqhZtHOCxE9N,local
recA18xhiPfluocox,local
recAAdM0wwY3RtTu8,local
recAGqtY8DSiJQo7U,local
recAMPAMrNRlQrkkU,local
recAXiK1iOBavxdaN,local
recAZjCZnUKpsjYRH,local
recAeZqt54bhTJyY0,local
recAgNQZRb4Ulhpk9,local
recB2cmPqk3VNKj1K,local
recB7HnmO0pSuxg2F,local
recBCocKDxnF6gOYd,local
recBGTwBrsC7cf3sv,local
recBPIkZIEDGBz4c2,local
recBbcLOYNvyHE0x5,local
recBoKdl1EJtAqbOB,local
recBp2eqEW1VPvu7X,local
recBufKIq9zpMSsci,local
recC8nom7jSvPuOMD,local
recCA9H0oVxHSppWJ,local
recCAMGlrNO85MwFD,local
recCDBISwRLvAbxEL,local
recCHExGt5FkTV52X,local
recCLcig0foZ6vvKN,local
recCMRZfNirTafv8i,local
recCUVNTDY4SyO191,local
recCa0ZbXQDwEHT19,local
recCfvBXMd9IgLLq0,local
recCjYwpyEIJ0YKZ7,local
recCnaCDTaJJSReou,local
recCoCGcLzSbrkpf8,local
recCoQOp7SztuwLaF,local
recCsNaMRDFsyav6k,local
recDBNnt9yUXQnhuq,local
recDBT8kzVLJWVdpd,local
recDD0akOKzUfPSVQ,local
recDPQh0sNpcrzRQB,local
recDTC0dauJukP0tD,local
recDbUpW3pFY73zBi,local
recDbpWREKnRQuDQm,local
recDc58WLQgcUCKGu,local
recDfgS42lamIoQ8u,local
recDh2AmP9Ix79vJE,local
recDs0CK5snVuIaT8,local
recE01mLdSZ5lTaOS,local
recEAgpr6zf8JVEqK,local
recEKOBW4mV54Ka0S,local
recEL63cZCUyQMxqV,local
recETGvJMYpQ64mjv,local
recEVvT7UOceJYEU8,local
recEXatmRcL1SyLoA,local
recEXjbUbm0TwUU0P,local
recEmXUBef32DQBDp,local
recF3P61i0iFyfMMn,local
recF3bhl9wfU9hb13,local
recFAHukDoSnRPQic,local
recFEzRsAaC0TAWaq,local
recFXpzpiSLEK82vn,local
recFY91ruelBbRnWe,local
recFixF7sIQYPRocX,local
recFkDvP18MPig6aq,local
recFmWm3PuovqtPzG,local
recFmgLCu6SPf9FMI,local
recFphFox0AR5bL9r,local
recFts6PYjzA5NnYU,local
recFwddV5xntHF9dg,local
recFx3t2ixksvUt51,local
recG0c7a6nNqT9VGW,local
recG1PfSrxuZLQnSe,local
recG1jPOSq4VJYAwb,local
recG2HbLEFXUtdOlF,local
recG3HCwVuX3Lw79P,local
recGBIDMgkpgwWY1Y,local
recGMPsVWKHhhJp19,local
recGVdG0r9qfaV8aK,local
recGZTTk2UWeLFQru,local
recGcHfx8aAhLcPHh,local
recGey5wBca3kfL9h,local
recGgwa9C5mjKQF8u,local
recGhNnjsw3CK50fz,local
recGjIXeGrBeD8wFr,local
recGkA1ay6hk0YVNS,local
recGkNldpI1ug0ZmA,local
recGlviJqecXSIe1D,local
recGnirrvSJRfv1V7,local
recGq6NZGPxjppzCd,local
recGqol3kqWoDz6hs,local
recGsQ3O5cgWxND8E,local
recGsqKqBwxJSnFDp,local
recGx51ORDkDk2DB9,local
recGzCTf8XEReM8WD,local
recH7kO2FyU3c7of0,local
recHGlFU7s75K27qn,local
recHK5wI4TzD9YI3f,local
recHQ1jvquQkVPP5o,local
recHWQppxMGKgU4Iw,local
recHZ1cbDEnJyzeLF,local
recHqx4V8QDyLwRGU,local
recHwdTxancHGDSuR,local
recHzFDW2ijsv8m8n,local
recI1Mxn5T6plOCIr,local
recI3882sDNMbk5ax,local
recIAah9mcI1Z2A6x,local
recIGoGJnIUOg2h7c,local
recIMgmALUr4orHgc,local
recIN3fav2ZD0MCz1,local
recINF76aZw1I77I2,local
recISlmXDGHHeJWgf,local
recIcolwFY4oOvIaZ,local
recIfYmnpdP2aMa9R,local
recIh3Vgsx2VNojeC,local
recIjfIDDhnMuxOqT,local
recIqOnBhsABDBDgy,local
recIqRtVp0XuCkIBF,local
recIr6IRtqf6usfU8,local
recIsFeQmamli2SOG,local
recItguKoU20RJuHc,local
recIxtPAkdissEzUu,local
recJ4Z62PV4Uj5iQh,local
recJBnQri8nMwijtr,local
recJBxUQI8AIaigVz,local
recJMGJ4IhCWimpVC,local
recJY1WsoFafwhd09,local
recJnZR1Ac6qownjh,local
recJxpVuRxKfgsYoS,local
recJzepyfOklZdFh7,local
recK0zGON1Zgs0Rg9,local
recK3ZhdQPECeEDAt,local
recK5TeDcdDEBsK8q,local
recKAhwOAYE4paNzN,local
recKDqiR65QSyPOJw,local
recKFlcXiG0BuUtV1,local
recKMD85knJM5UyE2,local
recKQGxLnD2t9k7vf,local
recKRPEJ8lpJGaU4S,local
recKXFtVohBZZH314,local
recKZ3hKQCejpK3r4,local
recKZkifheaHhVrd2,local
recKeHHP6XYU0tswt,local
recKmNj4mSHo6qcLL,local
recKoJUqQ0a28z0ZZ,local
recKquByDt8Z8Bx5Q,local
recKu5rn7E0wMW6vw,local
recKut1qIUBJJHg8H,local
recKw4ttObQxljcMn,local
recKxruM5bxb6C4Nl,local
recL1Whiw3AvSic3m,local
recL8YIpFL3q6pNiY,local
recLDKkiml86wnfC3,local
recLJCHzRpO7U4Bu6,local
recLKGKyCmEHEkJro,local
recLKlhQTjCAoYpLY,local
recLN3g5mY3EnIGlw,local
recLYOQOx6pq8WUv5,local
recLfmvkkUh84GhIb,local
recLilhemcXj8trs0,local
recM1Nv4Tl4y9JCbd,local
recM2J5Q2HdICA6LP,local
recM7IQkA0sZP7bjl,local
recMTHFeMOnWRypFZ,local
recMcPVFcT0IJIGbw,local
recMgppHWRN4v8hRq,local
recMxC92y8rSOpKmK,local
recMzNWqQiBvWWq7d,local
recN0ivJUcQs219dE,local
recN1G21oMer2SR65,local
recN8MTUu17mhJI3T,local
recNAIhKezITWjG7F,local
recNAyTAov9x6JQnr,local
recNBLDxVXStWxNob,local
recNC90yz82GGQGQt,local
recNPU2XTfEsV2xof,local
recNR3PqDHAArbBg1,local
recNccDywYmlQcwGM,local
recNewkWWRH0sGnNc,local
recNmZTTqRWHaUQu0,local
recNnkC6bC43Z2trU,local
recNoIMSd3dTQj0tj,local
recNr1ih17wtNOe4H,local
recNytWltxuODYxS5,local
recO2IsnzCCau9eaQ,local
recO2MSV8SCG4klDy,local
recO4JxQ1CmcNPIEi,local
recO5pctAmdr2JWOf,local
recO6IKLMff6pWfvG,local
recOEbHxFvCDUiLAZ,local
recOMf8U6wNSm9Fye,local
recONsAVMphP4fUMI,local
recOO7yM1C5zaZmtu,local
recORDMK0FooihIeD,local
recORLjN7pzi7uONz,local
recORcYs579g5dapJ,local
recOf1RTEGttzUNUw,local
recOj8qLRloJrmCVX,local
recOnCEGIGq8Xdb6Z,local
recOv7dj1SO7MKy0X,local
recP0YSBvOKNLgARk,local
recP2pFXq6spd2nV1,local
recP4mpC0ARAnGNCC,local
recP8I2sRowcVyVuk,local
recPLjg0I0dMFRB7q,local
recPPX8pjENS3h7L5,local
recPRt2yTWAS6HcJU,local
recPSsFHzRGyon6DU,local
recPXqaoSg1Sb2Av0,local
recPp1pCMrLv9OS4x,local
recPvoSYIusSe1WUj,local
recQ0m8phaKdz1q8K,local
recQ1wgfz61cTBP21,local
recQ8IzbU5e7wbw7P,local
recQ8oQyJVv5l9qJa,local
recQK9NHx5r1jw9Qg,local
recQNbNPmIHfBTS5M,local
recQRpQm3APgxI4qW,local
recQTEtAUbco42IP8,local
recQblLxCqSEaxpQU,local
recQsb9ra1OYrV62u,local
recRF9UaUrImcmSY3,local
recROltNa3bkmWrWx,local
recRVL9296Bs70Xgd,local
recRdBsyBqfxCkQMe,local
recRkAj9GoqmRXbQ9,local
recRkCwkKMuxpix9s,local
recRtB8cpArLJcWPx,local
recRtUGJJKYy8wIzA,local
recSB08iv6dbmHlAC,local
recSRCU5dL0Z8N7wz,local
recSU3EWJBYYxzEgD,local
recSUFYdKiamzv2Dx,local
recSVE2ErJOOdKcbg,local
recSbjPpCWwFafKI3,local
recSn3NQDh4RXk40m,local
recSnjd0mTOsdDZy4,local
recSqC9TpCzydDALO,local
recSqp86F2msOznAt,local
recStSz3cDDBaRvea,local
recT4AY5TQaxuHbI2,local
recTFJ2ukVfoiLidP,local
recTHL5B1DOUeaNuQ,local
recTHS3tC4CzdiSBp,local
recTMyeUPqJ2OzlZC,local
recTOe3IE01AxPRl0,local
recTZLMk368Qk6jtW,local
recTaDTPpyS0a2Y4m,local
recTefJiSlCU7KTzG,local
recTiGjHhjuvUWnBy,local
recTp8T2CkFLzIGzC,local
recTpQ4KdOVtMrPuz,local
recTqMSjvSqbLHIos,local
recU3FmVs0MRKq606,local
recUHepSEgjjjtUDl,local
recULl9p6uOmemkuK,local
recUTVxvoMV4AVcQb,local
recUg6YJiCI4OtOOe,local
recV7nmD65ORqCp6s,local
recVDSKzwggLDOUoI,local
recVHcxIITfrSExct,local
recVLCN2R5KAI6ROk,local
recVO1NMhWdCTRT3C,local
recVTttmz1UzlMios,local
recVYcrXhy9nmO8o6,local
recVYhiXNeHyPDkLC,local
recVaCkqO66qSoy6l,local
recVk771Zrhxnh0KG,local
recVqdoD1f3XKftij,local
recVyNUoIJgrZGoJW,local
recWJQ8xEmt8oUTE0,local
recWLJP3xu5qV63gH,local
recWMzFbxQhfRNEuM,local
recWO5W0RYljrZjGM,local
recWQrfIv7aGX5Cof,local
recWS4ejzJGDlaJf2,local
recWWwQefVC5MbaPG,local
recWYOAWapLk5zbVI,local
recWYsfI4jahpCfjZ,local
recWd8iDiMHrb7k3v,local
recWiRGe7S6JThK2Z,local
recWpjeuHcTFYoDXy,local
recWrW9cIcyftBgb1,local
recX0usW3MoN6CdUY,local
recX5tz2T8RGU1s9w,local
recX73575vvuaS7V6,local
recXDhbjNJsFqQjki,local
recXILMfT84NYgZ2N,local
recXLdMORg9gnF3hw,local
recXQrEODTy2faJu9,local
recXYoYH2woqtBN8W,local
recXYojzj5wdkHqPF,local
recXfZkR2P2EPjnZh,local
recXfiFZXGJoPUEXx,local
recXgWV8c1idCW44t,local
recXqI9MjJzYIyEiH,local
recXvEgpP5JRXIytf,local
recXw6R6qVkuzlkVU,local
recY2QZE11ebocqYC,local
recY6KwPfYJLtfb4N,local
recY6xIgalRqvA4dM,local
recY8nmgGG9OACNSl,local
recYDPmVoKzPkOe7L,local
recYDc07Jw5snqe06,local
recYFYeRO1U66IEBZ,local
recYGKwhVywywsqdM,local
recYKBCslPEEDnnb9,local
recYXlRrZbbaAT0qZ,local
recYZFzepYfeD9J3Z,local
recYikdb15T2JccxH,local
recYjjl7Q0xoyYr36,local
recYtjteuHKyvFjUo,local
recYzjyXFwqKqt1zu,local
recZ5QRv9QcHjfnsu,local
recZFwUmbcdU3Ea08,local
recZHsjYTuGAphuhJ,local
recZPLh1q7OxCsIwY,local
recZYt7yo2cJ7xhB7,local
recZbHxZZ0jLnSi8x,local
recZhnNmt5avRGBwh,local
recZizLfOq5LYnRs9,local
recZkEZOKSi2UEHAd,local
recZxO5OmVG698mYe,local
reca8JOqv0FwGrfLd,local
reca9R76l6GRUwQCp,local
recaHzy9ukh3WnJyx,local
recaVwwTcx58ErL8Z,local
recaW0bnDpHY8Y6zH,local
recad96Znix6qj9Hf,local
recaeJhLTSFODEABv,local
recai0kfx2K2Iz8Pl,local
recaikYGdDJKdeDPh,local
recanv6KnlZFJI5b8,local
recatnYkdE9t8b7ai,local
recb2bjWKJCvI5RxY,local
recb6iaanaaImfVQZ,local
recbGsVUOxddrLRY4,local
recbNuIcmg8Tlsw3z,local
recbS7LzT1zx1gD7h,local
recbUmjOjsI5fiGGa,local
recbdIFzqVwTh5EVS,local
recberCGBEtgZxU5Y,local
recbj5fZ6N2gfRoLZ,local
recbkgaASc9ufWfy1,local
recbl2YLgLFoS9rcA,local
recbnf8ZPoKCTPfJg,local
recbyBri4rht98h64,local
recc0a5V9FdhSXmHg,local
recc67ahK0ID4QohG,local
recc7HEduBjf9ofD5,local
reccGKCbWTyWGXEtk,local
reccOuuEoAjkTxvxL,local
reccQdqDsCQqQEz8T,local
reccSBGy6Pnswmyrp,local
reccUyR62s3l0yngV,local
reccY5Ixw1SJv2nPA,local
recccxPX1Ws5cliHg,local
reccjbJWptMfurX8d,local
reccrlhp6Hhed6kz2,local
reccypmmpf3qIVhTa,local
recd0JEdKsIMYJMmL,local
recd7hyBhTWr12MZP,local
recdAa3snvgUmxXtH,local
recdB7khMpNXgHzGz,local
recdGRgbnM5xAF1jf,local
recdK67uBH64af3zk,local
recdZ7xKF4TSsnetI,local
recdaAqcEk7IJ5Ba0,local
recdmIAZNo3mPylkE,local
recdobUC6bhX3ZfAQ,local
recdrJMNV1IimewJ3,local
recdxb2I0PmkilHpv,local
recdyJ1crRehFD8At,local
rece19fL2tnwRR2o8,local
receAWXVZzpBtuSrC,local
receCO250eKawlap1,local
receEko1NCjEXcDOy,local
receJUZK9XwpdFnmO,local
receL9WCpm69uM7hi,local
receSHzo8pQRM0gau,local
receUa4iWObbJD9rG,local
rececqIrUXdC34aqK,local
recedyfbJTMEDktqt,local
recegQo3uv9V4rPG6,local
recel3SPvpBQLQmB9,local
receoKCc2nNn6d7GW,local
receoKrLnvOPpH3Un,local
recezVlM5x5cE8vWG,local
recf1fFH6xeYCK91S,local
recf3spVZzPjv7ENN,local
recf7ovNAFGT0BSrj,local
recfDh1UeRpmrEQp9,local
recfFD2xC5fmcO3wT,local
recfUSkHLIpV0LKiJ,local
recfWzdlrMcGtOrZk,local
recfeTNw6pqls8o0N,local
recfl4fKiCqNX0tUO,local
recfom6snSygX46rI,local
recfx1lWEXiVS0e6L,local
recg6bgcTDZUwwvzz,local
recgAUztCJNlUdk9z,local
recgCePPc7AUWvvw8,local
recgELNMAt2Ndm9SA,local
recgF6PyXfdXcUfv9,local
recgLlehQYmGZaZET,local
recgM15MDWVXjpF6H,local
recgS4Rq06JTHlued,local
recgZ4gteobVFVYME,local
recgaTJNP3D2BmohA,local
recgbBlElE3VXKlaC,local
recgs0xJZS2vXvQPU,local
recgxk9Tcd6ZGYNJn,local
recgyTWTFjFKOVTIz,local
rech4OZpW530Ai8W0,local
rechAystQBQPB8lHJ,local
rechLL97xBKdNUiXm,local
rechTwJDDiSwnUPMD,local
rechWkbRHuEwWevR5,local
rechWtHeKAimzRaZW,local
rechZKiAtbofxiGg3,local
recheHfBNuD3M4oEI,local
recheo2SnWEPbdzCx,local
recheqh6j7bBuF1XU,local
rechwW2px75OnrZDT,local
reci2QWLFEyfyIjaN,local
reciYw0oOWBFRU6qv,local
reciiXXU1VBX53L7H,local
recimxhUpEuTkORYY,local
reciqamGRdlYIoYDS,local
recivyKOWwGXI53E9,local
recj2X56Xp6XFIxFD,local
recj3rCYKzLPTMsXi,local
recj4qJaNH3wjxVh6,local
recj6YcfNrvqxGmCu,local
recjAox9uZDs0bXml,local
recjF2GWZB25wMhnd,local
recjHAq514nZYfKME,local
recjLtUewupyEvoKe,local
recjYq2Rv8tLCfuJw,local
recjbKajGKiM8GTyU,local
recje3a2MHYc0aSjg,local
recjjfENHoMGQuhJ5,local
recjlKWntrNstsr0s,local
recjsUxhJR6jTVlXQ,local
recjtE3nFZgSZ30cB,local
recjyCnYkUve5s5P0,local
recjyoZ0mdxYuY47B,local
reck0t6bvT5Yg7opw,local
reck7LhemsUewJRO7,local
reck8H1euz5tRykH8,local
reckFoOzkJtimfpyu,local
reckGD6xnMRm6o6Um,local
reckcPlh1mIRUkDtT,local
reckilUhUT5m3NBvN,local
recklYBXQHBHfuw8R,local
recknRQjTgBwxHar2,local
reckqYnKpywwOEMrq,local
reckqnVrl2ujCqErA,local
recl3TJ9NGmtdaV34,local
recl56fbTYDf89Qgf,local
recl9X9chXhBs2Rw1,local
reclLdg7Pl0qsRvhC,local
reclRz7Gcf6D28FN5,local
reclSFzESggYjfgUt,local
reclULlO9jYJODT6B,local
recldPGAYvl4a1Txc,local
recleFifvW2GSQpl7,local
reclfCT4SQMFvQjaO,local
reclgtdFznnQN9VFE,local
recli6D509eHt9wBC,local
recllZzhpVhqBkUHn,local
reclvFzu6cdNqk42W,local
recmEUByBWJGoN69p,local
recmFZISN4qvHavyq,local
recmO9iDxOiCPIOwP,local
recmQoFEakx2fK4aq,local
recmRh7SGDd5a8MjA,local
recmTI2uJgH5M0Qin,local
recmYrH0wX2N2OCNM,local
recmgLzw5AgHuJTJO,local
recmgoawmeb7aNQZp,local
recmjMoWEnD4bbyOY,local
recmr3ylfZHnqg75N,local
recmvMmmLUu31etzR,local
recmwdhG1DYXNIrY7,local
recmxYG1jE4E3IoPl,local
recn2Z6KjlLdPEyys,local
recn3QTiTWlUULlHP,local
recn40spO6zkvPcvC,local
recn9Mp2Y5n3IvVS4,local
recnJcrjPLYAXTkxB,local
recnLOfF48W3huaEH,local
recnLmiy9JYqrCfpG,local
recnNS8tXB7GdiWVU,local
recnhd35tVAjYb4FF,local
recnjHUxBKjRl51ST,local
recnnQ1O6DVfsw6yF,local
recnncgGfrVZlY5HR,local
recnpDN6REsGuGbZD,local
recnvejOgmwRPMgY4,local
recnx6RUH53reuZyZ,local
reco8WLcHvbPutTiO,local
recoCsDZ4Nt8szbdh,local
recoH9ViSGM5RGDpJ,local
recoLXZXbvKVI6kdx,local
recoLmUWfALHJuzcV,local
recoYoHgdijJXx117,local
recoiTFNdqCsBvDLK,local
recojr6zfWq1agn4O,local
recoq54W8xwmGrCZp,local
recos68Qas16zhIIw,local
recowpQ9vxuq7l94e,local
recozC50SKj6V1Q96,local
recp10iwt6n9ZuvAG,local
recp2fYMnsj8xYow5,local
recp9jtD7xREzv86l,local
recpGtEe7v3JaiWWN,local
recpHTXiVdZI7aNzE,local
recpIYMjE9RO9Val4,local
recpK4pbGCELmHhEW,local
recpQUX0N7f4XXO0u,local
recpR76VBR3XXX8yw,local
recpRrq18N3h69r1x,local
recpTKMgqPfKlllK0,local
recpXEn20poBlWz5W,local
recplpaRIoSasdUjk,local
recpqgRHeyR0DnaOh,local
recprwfFgq5D9h5zp,local
recpuyG1DqWEOmOJd,local
recq9yJLzdYiRhZuS,local
recqBQMsPtA4Qg1Sq,local
recqG2cvHkYdMJqEm,local
recqGORljAaHukQqf,local
recqNVIfQyRkII0lk,local
recqWHeqM52XZo2hd,local
recqWOAlrNoOOJtcn,local
recqWhb5YRbz0Z4qe,local
recqg7Lh5jaoeYAEn,local
recqmKlvuYqT2bym6,local
recqmv6ABLxKThW6o,local
recqwTDRM2QYmo8Yk,local
recr5ub0ELucxrnVv,local
recrX5uhqXmNo5gyL,local
recrZvKX4OvMe2mgl,local
recrkPywccgrEgYlf,local
recrkRkJcvspQ5TzU,local
recrqZM39U3b6syy8,local
recsFxinEEzilwklc,local
recsG38fPWJ4IJHNY,local
recsGhGd6a6cptrcB,local
recsN5ncsLFSwktrQ,local
recsP9vv4Fc1DY7Qs,local
recsPBbuU4DTDHOSM,local
recsQLvOqUlnFIrty,local
recsTC9e9X0Yi30E9,local
recsV97uvbSpQTBxY,local
recsVx2akpS9ub4M4,local
recsWQ3uKOSc1aztG,local
recsWb7ClaptBGzSD,local
recsavjEObbgAouSm,local
recsb2DVoMzSPd0cy,local
recsd0XnW5cI14kGu,local
recskpzTpYPHL3yIu,local
recsmH0Wt9wkd6A2x,local
recsmUOPo1ezjcTdR,local
recssKm2q7DuLlW6f,local
rect1VV4W7JMpldvp,local
rect65eLGTTJHaBqV,local
rect9W3174pYxu5T4,local
rectAcsAPt4mz3qZI,local
rectEZqSzG5UDilLx,local
rectHDbi7suzoA7ke,local
rectIQmRwb2gIHvNO,local
rectIlqwgcp9UWvh1,local
rectPIPdZrXfUBgCD,local
rectSV4Ir4ANQ8vTR,local
rectaK4oD2Uo9LWkt,local
rectazv2jwHpjGy8Z,local
recteKonCEG18HAtA,local
rectl40x3ac2peuOV,local
rectvVpjapGW8ZUGc,local
rectyLEPMuxhq5z72,local
recu3HnqmKvGIkwWb,local
recu4MMDB5irwKr2t,local
recu7vEeB2i9At86v,local
recuA3AW2hYESS01c,local
recuBW4c9tsaNu5BQ,local
recuC3xBxAMpT5I1k,local
recuC7gkYrmVf9AXa,local
recuDErjTMqiaCTYB,local
recuNFTcRPMX0LDke,local
recuUHOZ2sAa9nRXl,local
recugOTHmfEsRpNLP,local
recui0NZGhb0uzlJZ,local
recurR8tNkJDyN5WE,local
recusYINHFmpWRkke,local
recuwKCnB52vqqliJ,local
recv1pseNklqaa74p,local
recv4ykZZqaWVVoEX,local
recvDQws9fcbk4Ph7,local
recvhBH6PtNAFXoDk,local
recvhm6I2uEv1vme7,local
recvikyWWoXjATDzu,local
recvjZ1Asptjnav1u,local
recvmTmRciPqv6HdB,local
recvuEuVCYjvvtKQ3,local
recvwRhXgvGBw0ERP,local
recvysoOGDRInIb86,local
recw2uJwllmxcTq0K,local
recw2v66Wg2eEAol0,local
recwFkxTy5RqLocKm,local
recwFu2oheqimROWu,local
recwFuRr0LSQmmFrz,local
recwM9m2JIWSlyvJn,local
recwOdnp0C5tpIjhT,local
recwQHLmncgbBwzkX,local
recwUmRHJ7dJxmT99,local
recwUzOmPe3UUCNSu,local
recwVErQiUNvpHR1q,local
recwZK49Jysj6y9OF,local
recwdSTgIfBQoPGGk,local
recwefG9r2eqgoUp9,local
recwnuAWkxxjALHBI,local
recwqBikTkBq0Jukw,local
recwqoObg40pJwfAk,local
recwsE7QKnhMpiqST,local
recx2SWttZkKDvL2b,local
recx5WyHG91LHg733,local
recx74rViW0Dy29DO,local
recx7qOrPedFTpQSV,local
recxKGRcGVyCE5tk0,local
recxLuPokDaYm0Ld3,local
recxLzxDtYxNEGlLj,local
recxM8gmYquZ55qq2,local
recxNNhmUaJ3avIm1,local
recxX4MaMF3KkOvd7,local
recxYrn4alVLKNR8u,local
recxgk0DOoQriHmWQ,local
recxhv6CLmHYskJ7k,local
recxoDbuDDpl7gKtf,local
recxqjkVjLIs1Id8h,local
recxtk2sT8KSW0844,local
recyEjoflPEZetpt3,local
recyQaOLpmnoPerAG,local
recyaQsc19Vy6WeE3,local
recyhHSU7ooEOD3KN,local
recyhxwfCTruh8LFL,local
recylHT7M2qjcnd8B,local
recyoZRTuuKuNVymB,local
recysXNwllfrMgkl1,local
recywTvHbWrCAmN5b,local
recyxgexwpsTTpEOi,local
recz0Bj15Lk9rzazt,local
recz9ui2OokPg19l8,local
reczBxP5fjRK2zgUa,local
reczIfnu5GSHcVMDs,local
reczUPlLhTpQriRGt,local
reczV8tbvNq6XCnQw,local
reczWuoNDZrBsBuq6,local
reczXilUoBlbMvl9n,local
reczZlfNv4UsjVwwh,local
reczaTWRqSMDqqd8P,local
reczgLha71UWHDELn,local
reczhIHEyS84HB2M5,local
reczy9uCLrVcWKWuA,local
reczyVOmF51WPPgcs,local
