vendor_id,vendor_type
rec05zYl59hMQkZEF,Schools
rec0B7apVyNdg5RW5,Schools
rec0Ih6vIYmAEtNd1,Schools
rec0LFMaeIcVkxL7h,Schools
rec0b00SnG1QGtTF5,Schools
rec0hanAG3TUNX9s0,Schools
rec0jEmymh16i3Cb2,Schools
rec0kXwBurkouZpKW,Schools
rec0nIfa3Uafcs6A5,Schools
rec0qdzBx3M3n0WXc,Schools
rec0zNBSPa55fGXr1,Schools
rec0zmu32f2ykhcDY,Schools
rec1AonKqMLanSbDk,Schools
rec1NeREO0KjGb8LY,Schools
rec1SzAwSbhUXtC5A,Schools
rec1WNQ2GGBwUHgU8,Schools
rec1aZywCZw9sqnHt,Schools
rec1efrOXutNX7tcy,Schools
rec1iPvJyzwgDlUqT,Schools
rec1jYWTDTGDUpW5K,Schools
rec1zQu6tRRiJQPeq,Schools
rec23iOt8uZjwqige,Schools
rec27J80NJd4GmWBO,Schools
rec2IqWRkonWk3nMU,Schools
rec2iCn5MFHbFp2yU,Schools
rec2jOPUr93U8N0xf,Schools
rec2n7lyLfyfRoLZ7,Schools
rec2uNiGuKcmCKCeO,Schools
rec2yGjMEVHjpFDSF,Schools
rec2zivIrLDvMJRrO,Schools
rec3979FLMuIZgeOT,Schools
rec39ZvKfzpamRMsn,Schools
rec39bZ99GWUa9GCl,Schools
rec3CidfjgONQpk1a,Schools
rec3GQtaUnoPVf1f5,Schools
rec3QO5qTcHm0JRKp,Schools
rec3b2wSpaXUi2uxM,Schools
rec3kgDfGHKqthhb5,Schools
rec3mJyBb7EgLXep0,Schools
rec3qrmY6jii23yIO,Schools
rec3rHUBjsCVhxZco,Schools
rec3tCZbGMULgHlNe,Schools
rec3x1xpZpDzb0uSR,Schools
rec461ggSwNbyWbcE,Schools
rec4MJj2XbHmFk3Zv,Schools
rec4TMJD4I1MqkECp,Schools
rec4Zf0wsThwTvKwd,Schools
rec4wc2tZONCcKEIF,Schools
rec4xIj9yD0IRdRXr,Schools
rec532sChfEbCc8ML,Schools
rec5BykijJsnCuaz5,Schools
rec5KJkUHK7MDKJ7X,Schools
rec5M3epEJShUf9v1,Schools
rec5aMtR0ouhT3oS5,Schools
rec5bBezcYyk0hu3C,Schools
rec5bgvvIG8ulfdAC,Schools
rec5fjrs3eO2oSqnu,Schools
rec5h4Y14b7nterFl,Schools
rec5hofSWJUlxaQo1,Schools
rec5xL18F6A5hqmSw,Schools
rec5zXYHRA9LWbF4v,Schools
rec61lV1MeyYvxN5f,Schools
rec67w4UrKMgaZ33T,Schools
rec6CTJl60ZXOvdo9,Schools
rec6R24fPnxdmi4hy,Schools
rec6UTNItbIz4w8sI,Schools
rec6UkR9EX4nEhylI,Schools
rec6VrmulnQSrU18l,Schools
rec6adVYeURfuaWmp,Schools
rec6azPtpoLhNlQ0t,Schools
rec6jTGTAshpTOXB9,Schools
rec6n8M3c0VlgKQU7,Schools
rec6nfYFHBMEWj7mI,Schools
rec6onHBk2gk2N25I,Schools
rec6qmeqxRPCVrHdZ,Schools
rec6sntOcFz33XNAr,Schools
rec6upIUxjm7pa5Y6,Schools
rec70510dGNjbDr9T,Schools
rec709ShCd4MmP3Fa,Schools
rec77MiP8QVydIXJi,Schools
rec7EAXFad5jz65St,Schools
rec7EIpdyf468b3oT,Schools
rec7FggskiGwYrNMx,Schools
rec7IYFFKAzMa0qZn,Schools
rec7IeVUaC4uJHmLJ,Schools
rec7NGg93Q18lfvas,Schools
rec7WgxjxgUDSYKOF,Schools
rec7aHVOMmyVT7beL,Schools
rec7ce1nr8fO0ubVZ,Schools
rec7gIDhmX6KHWnRb,Schools
rec7hnA9wHJvUxuqp,Schools
rec7qbIfkNkGPuhrv,Schools
rec7sjvWncv4p9EUs,Schools
rec7xCf0fKUsbBupg,Schools
rec7xKTxDPGmg3Bcc,Schools
rec85iO6KA70UPpsD,Schools
rec8GinBW1xowhwLW,Schools
rec8LaacNPgqxKtOj,Schools
rec8O3vlvndC5g5mS,Schools
rec8OeRfaLPHZCMZd,Schools
rec8Sw9XkiQAkTemj,Schools
rec8THS2OLMKp6hbU,Schools
rec8ZVoEjN3K1fy5J,Schools
rec8eROT3DVveRYi4,Schools
rec8kJDDdRUxVQqsH,Schools
rec8vdGvqUvrBMcRV,Schools
rec91wl5OyVzLBzPI,Schools
rec96kUYLkaUGCZnW,Schools
rec9BBqfBdudG19lx,Schools
rec9NNyCy5LBRSys0,Schools
rec9lJ1mbhtPcBlTp,Schools
rec9pJqUOFc5OMOHZ,Schools
rec9pKOYqiZvKYEek,Schools
rec9ppqhZtHOCxE9N,Schools
recA18xhiPfluocox,Schools
recAAdM0wwY3RtTu8,Schools
recAGqtY8DSiJQo7U,Schools
recAMPAMrNRlQrkkU,Schools
recAXiK1iOBavxdaN,Schools
recAZjCZnUKpsjYRH,Schools
recAeZqt54bhTJyY0,Schools
recAgNQZRb4Ulhpk9,Schools
recB2cmPqk3VNKj1K,Schools
recB7HnmO0pSuxg2F,Schools
recBCocKDxnF6gOYd,Schools
recBGTwBrsC7cf3sv,Schools
recBPIkZIEDGBz4c2,Schools
recBbcLOYNvyHE0x5,Schools
recBoKdl1EJtAqbOB,Schools
recBp2eqEW1VPvu7X,Schools
recBufKIq9zpMSsci,Schools
recC8nom7jSvPuOMD,Schools
recCA9H0oVxHSppWJ,Schools
recCAMGlrNO85MwFD,Schools
recCDBISwRLvAbxEL,Schools
recCHExGt5FkTV52X,Schools
recCLcig0foZ6vvKN,Schools
recCMRZfNirTafv8i,Schools
recCUVNTDY4SyO191,Schools
recCa0ZbXQDwEHT19,Schools
recCfvBXMd9IgLLq0,Schools
recCjYwpyEIJ0YKZ7,Schools
recCnaCDTaJJSReou,Schools
recCoCGcLzSbrkpf8,Schools
recCoQOp7SztuwLaF,Schools
recCsNaMRDFsyav6k,Schools
recDBNnt9yUXQnhuq,Schools
recDBT8kzVLJWVdpd,Schools
recDD0akOKzUfPSVQ,Schools
recDPQh0sNpcrzRQB,Schools
recDTC0dauJukP0tD,Schools
recDbUpW3pFY73zBi,Schools
recDbpWREKnRQuDQm,Schools
recDc58WLQgcUCKGu,Schools
recDfgS42lamIoQ8u,Schools
recDh2AmP9Ix79vJE,Schools
recDs0CK5snVuIaT8,Schools
recE01mLdSZ5lTaOS,Schools
recEAgpr6zf8JVEqK,Schools
recEKOBW4mV54Ka0S,Schools
recEL63cZCUyQMxqV,Schools
recETGvJMYpQ64mjv,Schools
recEVvT7UOceJYEU8,Schools
recEXatmRcL1SyLoA,Schools
recEXjbUbm0TwUU0P,Schools
recEmXUBef32DQBDp,Schools
recF3P61i0iFyfMMn,Schools
recF3bhl9wfU9hb13,Schools
recFAHukDoSnRPQic,Schools
recFEzRsAaC0TAWaq,Schools
recFXpzpiSLEK82vn,Schools
recFY91ruelBbRnWe,Schools
recFixF7sIQYPRocX,Schools
recFkDvP18MPig6aq,Schools
recFmWm3PuovqtPzG,Schools
recFmgLCu6SPf9FMI,Schools
recFphFox0AR5bL9r,Schools
recFts6PYjzA5NnYU,Schools
recFwddV5xntHF9dg,Schools
recFx3t2ixksvUt51,Schools
recG0c7a6nNqT9VGW,Schools
recG1PfSrxuZLQnSe,Schools
recG1jPOSq4VJYAwb,Schools
recG2HbLEFXUtdOlF,Schools
recG3HCwVuX3Lw79P,Schools
recGBIDMgkpgwWY1Y,Schools
recGMPsVWKHhhJp19,Schools
recGVdG0r9qfaV8aK,Schools
recGZTTk2UWeLFQru,Schools
recGcHfx8aAhLcPHh,Schools
recGey5wBca3kfL9h,Schools
recGgwa9C5mjKQF8u,Schools
recGhNnjsw3CK50fz,Schools
recGjIXeGrBeD8wFr,Schools
recGkA1ay6hk0YVNS,Schools
recGkNldpI1ug0ZmA,Schools
recGlviJqecXSIe1D,Schools
recGnirrvSJRfv1V7,Schools
recGq6NZGPxjppzCd,Schools
recGqol3kqWoDz6hs,Schools
recGsQ3O5cgWxND8E,Schools
recGsqKqBwxJSnFDp,Schools
recGx51ORDkDk2DB9,Schools
recGzCTf8XEReM8WD,Schools
recH7kO2FyU3c7of0,Schools
recHGlFU7s75K27qn,Schools
recHK5wI4TzD9YI3f,Schools
recHQ1jvquQkVPP5o,Schools
recHWQppxMGKgU4Iw,Schools
recHZ1cbDEnJyzeLF,Schools
recHqx4V8QDyLwRGU,Schools
recHwdTxancHGDSuR,Schools
recHzFDW2ijsv8m8n,Schools
recI1Mxn5T6plOCIr,Schools
recI3882sDNMbk5ax,Schools
recIAah9mcI1Z2A6x,Schools
recIGoGJnIUOg2h7c,Schools
recIMgmALUr4orHgc,Schools
recIN3fav2ZD0MCz1,Schools
recINF76aZw1I77I2,Schools
recISlmXDGHHeJWgf,Schools
recIcolwFY4oOvIaZ,Schools
recIfYmnpdP2aMa9R,Schools
recIh3Vgsx2VNojeC,Schools
recIjfIDDhnMuxOqT,Schools
recIqOnBhsABDBDgy,Schools
recIqRtVp0XuCkIBF,Schools
recIr6IRtqf6usfU8,Schools
recIsFeQmamli2SOG,Schools
recItguKoU20RJuHc,Schools
recIxtPAkdissEzUu,Schools
recJ4Z62PV4Uj5iQh,Schools
recJBnQri8nMwijtr,Schools
recJBxUQI8AIaigVz,Schools
recJMGJ4IhCWimpVC,Schools
recJY1WsoFafwhd09,Schools
recJnZR1Ac6qownjh,Schools
recJxpVuRxKfgsYoS,Schools
recJzepyfOklZdFh7,Schools
recK0zGON1Zgs0Rg9,Schools
recK3ZhdQPECeEDAt,Schools
recK5TeDcdDEBsK8q,Schools
recKAhwOAYE4paNzN,Schools
recKDqiR65QSyPOJw,Schools
recKFlcXiG0BuUtV1,Schools
recKMD85knJM5UyE2,Schools
recKQGxLnD2t9k7vf,Schools
recKRPEJ8lpJGaU4S,Schools
recKXFtVohBZZH314,Schools
recKZ3hKQCejpK3r4,Schools
recKZkifheaHhVrd2,Schools
recKeHHP6XYU0tswt,Schools
recKmNj4mSHo6qcLL,Schools
recKoJUqQ0a28z0ZZ,Schools
recKquByDt8Z8Bx5Q,Schools
recKu5rn7E0wMW6vw,Schools
recKut1qIUBJJHg8H,Schools
recKw4ttObQxljcMn,Schools
recKxruM5bxb6C4Nl,Schools
recL1Whiw3AvSic3m,Schools
recL8YIpFL3q6pNiY,Schools
recLDKkiml86wnfC3,Schools
recLJCHzRpO7U4Bu6,Schools
recLKGKyCmEHEkJro,Schools
recLKlhQTjCAoYpLY,Schools
recLN3g5mY3EnIGlw,Schools
recLYOQOx6pq8WUv5,Schools
recLfmvkkUh84GhIb,Schools
recLilhemcXj8trs0,Schools
recM1Nv4Tl4y9JCbd,Schools
recM2J5Q2HdICA6LP,Schools
recM7IQkA0sZP7bjl,Schools
recMTHFeMOnWRypFZ,Schools
recMcPVFcT0IJIGbw,Schools
recMgppHWRN4v8hRq,Schools
recMxC92y8rSOpKmK,Schools
recMzNWqQiBvWWq7d,Schools
recN0ivJUcQs219dE,Schools
recN1G21oMer2SR65,Schools
recN8MTUu17mhJI3T,Schools
recNAIhKezITWjG7F,Schools
recNAyTAov9x6JQnr,Schools
recNBLDxVXStWxNob,Schools
recNC90yz82GGQGQt,Schools
recNPU2XTfEsV2xof,Schools
recNR3PqDHAArbBg1,Schools
recNccDywYmlQcwGM,Schools
recNewkWWRH0sGnNc,Schools
recNmZTTqRWHaUQu0,Schools
recNnkC6bC43Z2trU,Schools
recNoIMSd3dTQj0tj,Schools
recNr1ih17wtNOe4H,Schools
recNytWltxuODYxS5,Schools
recO2IsnzCCau9eaQ,Schools
recO2MSV8SCG4klDy,Schools
recO4JxQ1CmcNPIEi,Schools
recO5pctAmdr2JWOf,Schools
recO6IKLMff6pWfvG,Schools
recOEbHxFvCDUiLAZ,Schools
recOMf8U6wNSm9Fye,Schools
recONsAVMphP4fUMI,Schools
recOO7yM1C5zaZmtu,Schools
recORDMK0FooihIeD,Schools
recORLjN7pzi7uONz,Schools
recORcYs579g5dapJ,Schools
recOf1RTEGttzUNUw,Schools
recOj8qLRloJrmCVX,Schools
recOnCEGIGq8Xdb6Z,Schools
recOv7dj1SO7MKy0X,Schools
recP0YSBvOKNLgARk,Schools
recP2pFXq6spd2nV1,Schools
recP4mpC0ARAnGNCC,Schools
recP8I2sRowcVyVuk,Schools
recPLjg0I0dMFRB7q,Schools
recPPX8pjENS3h7L5,Schools
recPRt2yTWAS6HcJU,Schools
recPSsFHzRGyon6DU,Schools
recPXqaoSg1Sb2Av0,Schools
recPp1pCMrLv9OS4x,Schools
recPvoSYIusSe1WUj,Schools
recQ0m8phaKdz1q8K,Schools
recQ1wgfz61cTBP21,Schools
recQ8IzbU5e7wbw7P,Schools
recQ8oQyJVv5l9qJa,Schools
recQK9NHx5r1jw9Qg,Schools
recQNbNPmIHfBTS5M,Schools
recQRpQm3APgxI4qW,Schools
recQTEtAUbco42IP8,Schools
recQblLxCqSEaxpQU,Schools
recQsb9ra1OYrV62u,Schools
recRF9UaUrImcmSY3,Schools
recROltNa3bkmWrWx,Schools
recRVL9296Bs70Xgd,Schools
recRdBsyBqfxCkQMe,Schools
recRkAj9GoqmRXbQ9,Schools
recRkCwkKMuxpix9s,Schools
recRtB8cpArLJcWPx,Schools
recRtUGJJKYy8wIzA,Schools
recSB08iv6dbmHlAC,Schools
recSRCU5dL0Z8N7wz,Schools
recSU3EWJBYYxzEgD,Schools
recSUFYdKiamzv2Dx,Schools
recSVE2ErJOOdKcbg,Schools
recSbjPpCWwFafKI3,Schools
recSn3NQDh4RXk40m,Schools
recSnjd0mTOsdDZy4,Schools
recSqC9TpCzydDALO,Schools
recSqp86F2msOznAt,Schools
recStSz3cDDBaRvea,Schools
recT4AY5TQaxuHbI2,Schools
recTFJ2ukVfoiLidP,Schools
recTHL5B1DOUeaNuQ,Schools
recTHS3tC4CzdiSBp,Schools
recTMyeUPqJ2OzlZC,Schools
recTOe3IE01AxPRl0,Schools
recTZLMk368Qk6jtW,Schools
recTaDTPpyS0a2Y4m,Schools
recTefJiSlCU7KTzG,Schools
recTiGjHhjuvUWnBy,Schools
recTp8T2CkFLzIGzC,Schools
recTpQ4KdOVtMrPuz,Schools
recTqMSjvSqbLHIos,Schools
recU3FmVs0MRKq606,Schools
recUHepSEgjjjtUDl,Schools
recULl9p6uOmemkuK,Schools
recUTVxvoMV4AVcQb,Schools
recUg6YJiCI4OtOOe,Schools
recV7nmD65ORqCp6s,Schools
recVDSKzwggLDOUoI,Schools
recVHcxIITfrSExct,Schools
recVLCN2R5KAI6ROk,Schools
recVO1NMhWdCTRT3C,Schools
recVTttmz1UzlMios,Schools
recVYcrXhy9nmO8o6,Schools
recVYhiXNeHyPDkLC,Schools
recVaCkqO66qSoy6l,Schools
recVk771Zrhxnh0KG,Schools
recVqdoD1f3XKftij,Schools
recVyNUoIJgrZGoJW,Schools
recWJQ8xEmt8oUTE0,Schools
recWLJP3xu5qV63gH,Schools
recWMzFbxQhfRNEuM,Schools
recWO5W0RYljrZjGM,Schools
recWQrfIv7aGX5Cof,Schools
recWS4ejzJGDlaJf2,Schools
recWWwQefVC5MbaPG,Schools
recWYOAWapLk5zbVI,Schools
recWYsfI4jahpCfjZ,Schools
recWd8iDiMHrb7k3v,Schools
recWiRGe7S6JThK2Z,Schools
recWpjeuHcTFYoDXy,Schools
recWrW9cIcyftBgb1,Schools
recX0usW3MoN6CdUY,Schools
recX5tz2T8RGU1s9w,Schools
recX73575vvuaS7V6,Schools
recXDhbjNJsFqQjki,Schools
recXILMfT84NYgZ2N,Schools
recXLdMORg9gnF3hw,Schools
recXQrEODTy2faJu9,Schools
recXYoYH2woqtBN8W,Schools
recXYojzj5wdkHqPF,Schools
recXfZkR2P2EPjnZh,Schools
recXfiFZXGJoPUEXx,Schools
recXgWV8c1idCW44t,Schools
recXqI9MjJzYIyEiH,Schools
recXvEgpP5JRXIytf,Schools
recXw6R6qVkuzlkVU,Schools
recY2QZE11ebocqYC,Schools
recY6KwPfYJLtfb4N,Schools
recY6xIgalRqvA4dM,Schools
recY8nmgGG9OACNSl,Schools
recYDPmVoKzPkOe7L,Schools
recYDc07Jw5snqe06,Schools
recYFYeRO1U66IEBZ,Schools
recYGKwhVywywsqdM,Schools
recYKBCslPEEDnnb9,Schools
recYXlRrZbbaAT0qZ,Schools
recYZFzepYfeD9J3Z,Schools
recYikdb15T2JccxH,Schools
recYjjl7Q0xoyYr36,Schools
recYtjteuHKyvFjUo,Schools
recYzjyXFwqKqt1zu,Schools
recZ5QRv9QcHjfnsu,Schools
recZFwUmbcdU3Ea08,Schools
recZHsjYTuGAphuhJ,Schools
recZPLh1q7OxCsIwY,Schools
recZYt7yo2cJ7xhB7,Schools
recZbHxZZ0jLnSi8x,Schools
recZhnNmt5avRGBwh,Schools
recZizLfOq5LYnRs9,Schools
recZkEZOKSi2UEHAd,Schools
recZxO5OmVG698mYe,Schools
reca8JOqv0FwGrfLd,Schools
reca9R76l6GRUwQCp,Schools
recaHzy9ukh3WnJyx,Schools
recaVwwTcx58ErL8Z,Schools
recaW0bnDpHY8Y6zH,Schools
recad96Znix6qj9Hf,Schools
recaeJhLTSFODEABv,Schools
recai0kfx2K2Iz8Pl,Schools
recaikYGdDJKdeDPh,Schools
recanv6KnlZFJI5b8,Schools
recatnYkdE9t8b7ai,Schools
recb2bjWKJCvI5RxY,Schools
recb6iaanaaImfVQZ,Schools
recbGsVUOxddrLRY4,Schools
recbNuIcmg8Tlsw3z,Schools
recbS7LzT1zx1gD7h,Schools
recbUmjOjsI5fiGGa,Schools
recbdIFzqVwTh5EVS,Schools
recberCGBEtgZxU5Y,Schools
recbj5fZ6N2gfRoLZ,Schools
recbkgaASc9ufWfy1,Schools
recbl2YLgLFoS9rcA,Schools
recbnf8ZPoKCTPfJg,Schools
recbyBri4rht98h64,Schools
recc0a5V9FdhSXmHg,Schools
recc67ahK0ID4QohG,Schools
recc7HEduBjf9ofD5,Schools
reccGKCbWTyWGXEtk,Schools
reccOuuEoAjkTxvxL,Schools
reccQdqDsCQqQEz8T,Schools
reccSBGy6Pnswmyrp,Schools
reccUyR62s3l0yngV,Schools
reccY5Ixw1SJv2nPA,Schools
recccxPX1Ws5cliHg,Schools
reccjbJWptMfurX8d,Schools
reccrlhp6Hhed6kz2,Schools
reccypmmpf3qIVhTa,Schools
recd0JEdKsIMYJMmL,Schools
recd7hyBhTWr12MZP,Schools
recdAa3snvgUmxXtH,Schools
recdB7khMpNXgHzGz,Schools
recdGRgbnM5xAF1jf,Schools
recdK67uBH64af3zk,Schools
recdZ7xKF4TSsnetI,Schools
recdaAqcEk7IJ5Ba0,Schools
recdmIAZNo3mPylkE,Schools
recdobUC6bhX3ZfAQ,Schools
recdrJMNV1IimewJ3,Schools
recdxb2I0PmkilHpv,Schools
recdyJ1crRehFD8At,Schools
rece19fL2tnwRR2o8,Schools
receAWXVZzpBtuSrC,Schools
receCO250eKawlap1,Schools
receEko1NCjEXcDOy,Schools
receJUZK9XwpdFnmO,Schools
receL9WCpm69uM7hi,Schools
receSHzo8pQRM0gau,Schools
receUa4iWObbJD9rG,Schools
rececqIrUXdC34aqK,Schools
recedyfbJTMEDktqt,Schools
recegQo3uv9V4rPG6,Schools
recel3SPvpBQLQmB9,Schools
receoKCc2nNn6d7GW,Schools
receoKrLnvOPpH3Un,Schools
recezVlM5x5cE8vWG,Schools
recf1fFH6xeYCK91S,Schools
recf3spVZzPjv7ENN,Schools
recf7ovNAFGT0BSrj,Schools
recfDh1UeRpmrEQp9,Schools
recfFD2xC5fmcO3wT,Schools
recfUSkHLIpV0LKiJ,Schools
recfWzdlrMcGtOrZk,Schools
recfeTNw6pqls8o0N,Schools
recfl4fKiCqNX0tUO,Schools
recfom6snSygX46rI,Schools
recfx1lWEXiVS0e6L,Schools
recg6bgcTDZUwwvzz,Schools
recgAUztCJNlUdk9z,Schools
recgCePPc7AUWvvw8,Schools
recgELNMAt2Ndm9SA,Schools
recgF6PyXfdXcUfv9,Schools
recgLlehQYmGZaZET,Schools
recgM15MDWVXjpF6H,Schools
recgS4Rq06JTHlued,Schools
recgZ4gteobVFVYME,Schools
recgaTJNP3D2BmohA,Schools
recgbBlElE3VXKlaC,Schools
recgs0xJZS2vXvQPU,Schools
recgxk9Tcd6ZGYNJn,Schools
recgyTWTFjFKOVTIz,Schools
rech4OZpW530Ai8W0,Schools
rechAystQBQPB8lHJ,Schools
rechLL97xBKdNUiXm,Schools
rechTwJDDiSwnUPMD,Schools
rechWkbRHuEwWevR5,Schools
rechWtHeKAimzRaZW,Schools
rechZKiAtbofxiGg3,Schools
recheHfBNuD3M4oEI,Schools
recheo2SnWEPbdzCx,Schools
recheqh6j7bBuF1XU,Schools
rechwW2px75OnrZDT,Schools
reci2QWLFEyfyIjaN,Schools
reciYw0oOWBFRU6qv,Schools
reciiXXU1VBX53L7H,Schools
recimxhUpEuTkORYY,Schools
reciqamGRdlYIoYDS,Schools
recivyKOWwGXI53E9,Schools
recj2X56Xp6XFIxFD,Schools
recj3rCYKzLPTMsXi,Schools
recj4qJaNH3wjxVh6,Schools
recj6YcfNrvqxGmCu,Schools
recjAox9uZDs0bXml,Schools
recjF2GWZB25wMhnd,Schools
recjHAq514nZYfKME,Schools
recjLtUewupyEvoKe,Schools
recjYq2Rv8tLCfuJw,Schools
recjbKajGKiM8GTyU,Schools
recje3a2MHYc0aSjg,Schools
recjjfENHoMGQuhJ5,Schools
recjlKWntrNstsr0s,Schools
recjsUxhJR6jTVlXQ,Schools
recjtE3nFZgSZ30cB,Schools
recjyCnYkUve5s5P0,Schools
recjyoZ0mdxYuY47B,Schools
reck0t6bvT5Yg7opw,Schools
reck7LhemsUewJRO7,Schools
reck8H1euz5tRykH8,Schools
reckFoOzkJtimfpyu,Schools
reckGD6xnMRm6o6Um,Schools
reckcPlh1mIRUkDtT,Schools
reckilUhUT5m3NBvN,Schools
recklYBXQHBHfuw8R,Schools
recknRQjTgBwxHar2,Schools
reckqYnKpywwOEMrq,Schools
reckqnVrl2ujCqErA,Schools
recl3TJ9NGmtdaV34,Schools
recl56fbTYDf89Qgf,Schools
recl9X9chXhBs2Rw1,Schools
reclLdg7Pl0qsRvhC,Schools
reclRz7Gcf6D28FN5,Schools
reclSFzESggYjfgUt,Schools
reclULlO9jYJODT6B,Schools
recldPGAYvl4a1Txc,Schools
recleFifvW2GSQpl7,Schools
reclfCT4SQMFvQjaO,Schools
reclgtdFznnQN9VFE,Schools
recli6D509eHt9wBC,Schools
recllZzhpVhqBkUHn,Schools
reclvFzu6cdNqk42W,Schools
recmEUByBWJGoN69p,Schools
recmFZISN4qvHavyq,Schools
recmO9iDxOiCPIOwP,Schools
recmQoFEakx2fK4aq,Schools
recmRh7SGDd5a8MjA,Schools
recmTI2uJgH5M0Qin,Schools
recmYrH0wX2N2OCNM,Schools
recmgLzw5AgHuJTJO,Schools
recmgoawmeb7aNQZp,Schools
recmjMoWEnD4bbyOY,Schools
recmr3ylfZHnqg75N,Schools
recmvMmmLUu31etzR,Schools
recmwdhG1DYXNIrY7,Schools
recmxYG1jE4E3IoPl,Schools
recn2Z6KjlLdPEyys,Schools
recn3QTiTWlUULlHP,Schools
recn40spO6zkvPcvC,Schools
recn9Mp2Y5n3IvVS4,Schools
recnJcrjPLYAXTkxB,Schools
recnLOfF48W3huaEH,Schools
recnLmiy9JYqrCfpG,Schools
recnNS8tXB7GdiWVU,Schools
recnhd35tVAjYb4FF,Schools
recnjHUxBKjRl51ST,Schools
recnnQ1O6DVfsw6yF,Schools
recnncgGfrVZlY5HR,Schools
recnpDN6REsGuGbZD,Schools
recnvejOgmwRPMgY4,Schools
recnx6RUH53reuZyZ,Schools
reco8WLcHvbPutTiO,Schools
recoCsDZ4Nt8szbdh,Schools
recoH9ViSGM5RGDpJ,Schools
recoLXZXbvKVI6kdx,Schools
recoLmUWfALHJuzcV,Schools
recoYoHgdijJXx117,Schools
recoiTFNdqCsBvDLK,Schools
recojr6zfWq1agn4O,Schools
recoq54W8xwmGrCZp,Schools
recos68Qas16zhIIw,Schools
recowpQ9vxuq7l94e,Schools
recozC50SKj6V1Q96,Schools
recp10iwt6n9ZuvAG,Schools
recp2fYMnsj8xYow5,Schools
recp9jtD7xREzv86l,Schools
recpGtEe7v3JaiWWN,Schools
recpHTXiVdZI7aNzE,Schools
recpIYMjE9RO9Val4,Schools
recpK4pbGCELmHhEW,Schools
recpQUX0N7f4XXO0u,Schools
recpR76VBR3XXX8yw,Schools
recpRrq18N3h69r1x,Schools
recpTKMgqPfKlllK0,Schools
recpXEn20poBlWz5W,Schools
recplpaRIoSasdUjk,Schools
recpqgRHeyR0DnaOh,Schools
recprwfFgq5D9h5zp,Schools
recpuyG1DqWEOmOJd,Schools
recq9yJLzdYiRhZuS,Schools
recqBQMsPtA4Qg1Sq,Schools
recqG2cvHkYdMJqEm,Schools
recqGORljAaHukQqf,Schools
recqNVIfQyRkII0lk,Schools
recqWHeqM52XZo2hd,Schools
recqWOAlrNoOOJtcn,Schools
recqWhb5YRbz0Z4qe,Schools
recqg7Lh5jaoeYAEn,Schools
recqmKlvuYqT2bym6,Schools
recqmv6ABLxKThW6o,Schools
recqwTDRM2QYmo8Yk,Schools
recr5ub0ELucxrnVv,Schools
recrX5uhqXmNo5gyL,Schools
recrZvKX4OvMe2mgl,Schools
recrkPywccgrEgYlf,Schools
recrkRkJcvspQ5TzU,Schools
recrqZM39U3b6syy8,Schools
recsFxinEEzilwklc,Schools
recsG38fPWJ4IJHNY,Schools
recsGhGd6a6cptrcB,Schools
recsN5ncsLFSwktrQ,Schools
recsP9vv4Fc1DY7Qs,Schools
recsPBbuU4DTDHOSM,Schools
recsQLvOqUlnFIrty,Schools
recsTC9e9X0Yi30E9,Schools
recsV97uvbSpQTBxY,Schools
recsVx2akpS9ub4M4,Schools
recsWQ3uKOSc1aztG,Schools
recsWb7ClaptBGzSD,Schools
recsavjEObbgAouSm,Schools
recsb2DVoMzSPd0cy,Schools
recsd0XnW5cI14kGu,Schools
recskpzTpYPHL3yIu,Schools
recsmH0Wt9wkd6A2x,Schools
recsmUOPo1ezjcTdR,Schools
recssKm2q7DuLlW6f,Schools
rect1VV4W7JMpldvp,Schools
rect65eLGTTJHaBqV,Schools
rect9W3174pYxu5T4,Schools
rectAcsAPt4mz3qZI,Schools
rectEZqSzG5UDilLx,Schools
rectHDbi7suzoA7ke,Schools
rectIQmRwb2gIHvNO,Schools
rectIlqwgcp9UWvh1,Schools
rectPIPdZrXfUBgCD,Schools
rectSV4Ir4ANQ8vTR,Schools
rectaK4oD2Uo9LWkt,Schools
rectazv2jwHpjGy8Z,Schools
recteKonCEG18HAtA,Schools
rectl40x3ac2peuOV,Schools
rectvVpjapGW8ZUGc,Schools
rectyLEPMuxhq5z72,Schools
recu3HnqmKvGIkwWb,Schools
recu4MMDB5irwKr2t,Schools
recu7vEeB2i9At86v,Schools
recuA3AW2hYESS01c,Schools
recuBW4c9tsaNu5BQ,Schools
recuC3xBxAMpT5I1k,Schools
recuC7gkYrmVf9AXa,Schools
recuDErjTMqiaCTYB,Schools
recuNFTcRPMX0LDke,Schools
recuUHOZ2sAa9nRXl,Schools
recugOTHmfEsRpNLP,Schools
recui0NZGhb0uzlJZ,Schools
recurR8tNkJDyN5WE,Schools
recusYINHFmpWRkke,Schools
recuwKCnB52vqqliJ,Schools
recv1pseNklqaa74p,Schools
recv4ykZZqaWVVoEX,Schools
recvDQws9fcbk4Ph7,Schools
recvhBH6PtNAFXoDk,Schools
recvhm6I2uEv1vme7,Schools
recvikyWWoXjATDzu,Schools
recvjZ1Asptjnav1u,Schools
recvmTmRciPqv6HdB,Schools
recvuEuVCYjvvtKQ3,Schools
recvwRhXgvGBw0ERP,Schools
recvysoOGDRInIb86,Schools
recw2uJwllmxcTq0K,Schools
recw2v66Wg2eEAol0,Schools
recwFkxTy5RqLocKm,Schools
recwFu2oheqimROWu,Schools
recwFuRr0LSQmmFrz,Schools
recwM9m2JIWSlyvJn,Schools
recwOdnp0C5tpIjhT,Schools
recwQHLmncgbBwzkX,Schools
recwUmRHJ7dJxmT99,Schools
recwUzOmPe3UUCNSu,Schools
recwVErQiUNvpHR1q,Schools
recwZK49Jysj6y9OF,Schools
recwdSTgIfBQoPGGk,Schools
recwefG9r2eqgoUp9,Schools
recwnuAWkxxjALHBI,Schools
recwqBikTkBq0Jukw,Schools
recwqoObg40pJwfAk,Schools
recwsE7QKnhMpiqST,Schools
recx2SWttZkKDvL2b,Schools
recx5WyHG91LHg733,Schools
recx74rViW0Dy29DO,Schools
recx7qOrPedFTpQSV,Schools
recxKGRcGVyCE5tk0,Schools
recxLuPokDaYm0Ld3,Schools
recxLzxDtYxNEGlLj,Schools
recxM8gmYquZ55qq2,Schools
recxNNhmUaJ3avIm1,Schools
recxX4MaMF3KkOvd7,Schools
recxYrn4alVLKNR8u,Schools
recxgk0DOoQriHmWQ,Schools
recxhv6CLmHYskJ7k,Schools
recxoDbuDDpl7gKtf,Schools
recxqjkVjLIs1Id8h,Schools
recxtk2sT8KSW0844,Schools
recyEjoflPEZetpt3,Schools
recyQaOLpmnoPerAG,Schools
recyaQsc19Vy6WeE3,Schools
recyhHSU7ooEOD3KN,Schools
recyhxwfCTruh8LFL,Schools
recylHT7M2qjcnd8B,Schools
recyoZRTuuKuNVymB,Schools
recysXNwllfrMgkl1,Schools
recywTvHbWrCAmN5b,Schools
recyxgexwpsTTpEOi,Schools
recz0Bj15Lk9rzazt,Schools
recz9ui2OokPg19l8,Schools
reczBxP5fjRK2zgUa,Schools
reczIfnu5GSHcVMDs,Schools
reczUPlLhTpQriRGt,Schools
reczV8tbvNq6XCnQw,Schools
reczWuoNDZrBsBuq6,Schools
reczXilUoBlbMvl9n,Schools
reczZlfNv4UsjVwwh,Schools
reczaTWRqSMDqqd8P,Schools
reczgLha71UWHDELn,Schools
reczhIHEyS84HB2M5,Schools
reczy9uCLrVcWKWuA,Schools
reczyVOmF51WPPgcs,Schools
